{"stats":{"minecraft:used":{"minecraft:baked_potato":8,"minecraft:white_bed":5},"minecraft:killed":{"minecraft:cow":2},"minecraft:dropped":{"minecraft:leather":2,"mts:iavm.psv63":2,"minecraft:beef":1},"minecraft:killed_by":{"minecraft:player":71},"minecraft:picked_up":{"mts:iavm.psv63":2,"minecraft:leather":2,"minecraft:beef":1,"mts:iavm.iav_ammo_007mm":2,"minecraft:white_bed":4},"minecraft:mined":{"minecraft:white_bed":2},"minecraft:custom":{"minecraft:time_since_rest":101,"minecraft:play_one_minute":56930,"minecraft:crouch_one_cm":16614,"minecraft:sprint_one_cm":164700,"minecraft:walk_one_cm":196731,"minecraft:damage_taken":17417,"minecraft:deaths":72,"minecraft:sneak_time":4288,"minecraft:walk_under_water_one_cm":649,"minecraft:mob_kills":2,"minecraft:drop":5,"minecraft:jump":1853,"minecraft:damage_dealt":126,"minecraft:walk_on_water_one_cm":1498,"minecraft:time_since_death":70,"minecraft:swim_one_cm":514,"minecraft:fall_one_cm":41823,"minecraft:fly_one_cm":468182,"minecraft:player_kills":48}},"DataVersion":2586}