{"stats":{"minecraft:used":{"minecraft:baked_potato":5,"minecraft:white_bed":1},"minecraft:dropped":{"mts:iavm.psv63":1},"minecraft:killed_by":{"minecraft:player":33},"minecraft:picked_up":{"mts:iavm.iav_ammo_007mm":2,"mts:iavm.psv63":1},"minecraft:custom":{"minecraft:jump":734,"minecraft:time_since_rest":201,"minecraft:crouch_one_cm":15806,"minecraft:play_one_minute":26930,"minecraft:deaths":33,"minecraft:sprint_one_cm":59600,"minecraft:damage_taken":8279,"minecraft:time_since_death":175,"minecraft:walk_one_cm":73035,"minecraft:sneak_time":4029,"minecraft:drop":1,"minecraft:fall_one_cm":15771,"minecraft:fly_one_cm":272711,"minecraft:player_kills":14}},"DataVersion":2586}