{"stats":{"minecraft:picked_up":{"minecraft:arrow":5,"minecraft:bone":2,"minecraft:rotten_flesh":4,"minecraft:bow":1,"minecraft:emerald":1,"minecraft:redstone":3,"minecraft:string":1},"minecraft:used":{"simplyswords:sunfire":5,"minecraft:firework_rocket":78,"simplyswords:brimstone_claymore":18},"minecraft:custom":{"minecraft:time_since_rest":26239,"minecraft:open_chest":1,"minecraft:play_time":26239,"minecraft:sprint_one_cm":6714,"minecraft:walk_one_cm":10583,"minecraft:sneak_time":12,"minecraft:walk_under_water_one_cm":54,"minecraft:mob_kills":11,"minecraft:aviate_one_cm":984390,"minecraft:jump":69,"minecraft:damage_dealt":2348,"minecraft:leave_game":4,"minecraft:walk_on_water_one_cm":192,"minecraft:time_since_death":26239,"minecraft:total_world_time":26239,"minecraft:swim_one_cm":287,"minecraft:fly_one_cm":134295},"minecraft:killed":{"minecraft:skeleton":3,"minecraft:spider":1,"minecraft:zombie":5,"minecraft:witch":1,"minecraft:cow":1}},"DataVersion":3465}