{"stats":{"minecraft:used":{"minecraft:baked_potato":3,"minecraft:white_bed":1},"minecraft:dropped":{"mts:iavm.psv63":1},"minecraft:killed_by":{"minecraft:player":8},"minecraft:picked_up":{"mts:iavm.iav_ammo_007mm":2,"mts:iavm.psv63":1},"minecraft:custom":{"minecraft:jump":325,"minecraft:time_since_rest":359,"minecraft:crouch_one_cm":10039,"minecraft:play_one_minute":14930,"minecraft:deaths":8,"minecraft:sprint_one_cm":29597,"minecraft:damage_taken":2820,"minecraft:time_since_death":332,"minecraft:walk_one_cm":26018,"minecraft:sneak_time":2604,"minecraft:drop":1,"minecraft:fall_one_cm":7210,"minecraft:fly_one_cm":216529,"minecraft:player_kills":9}},"DataVersion":2586}