{"stats":{"minecraft:used":{"minecraft:ender_eye":12,"minecraft:baked_potato":12,"minecraft:dirt":4,"minecraft:white_bed":6,"minecraft:end_portal_frame":13},"minecraft:killed":{"minecraft:chicken":2,"minecraft:giant":2,"minecraft:wither":3,"minecraft:enderman":5,"minecraft:cow":2},"minecraft:dropped":{"mts:iavm.psv63":2,"minecraft:chicken":1,"mts:iavm.rpgm":1,"minecraft:leather":2,"minecraft:beef":1,"mts:iavm.iav_ammo_0a64mm":9},"minecraft:killed_by":{"minecraft:wither":1,"minecraft:player":90},"minecraft:picked_up":{"minecraft:chicken":3,"minecraft:leather":2,"mts:iavm.iav_ammo_007mm":2,"minecraft:white_bed":6,"minecraft:dirt":10,"mts:iavm.psv63":2,"minecraft:beef":1,"minecraft:nether_star":1,"minecraft:ender_pearl":1},"minecraft:mined":{"minecraft:white_bed":4,"minecraft:fire":4},"minecraft:custom":{"minecraft:time_since_rest":603,"minecraft:sprint_one_cm":252072,"minecraft:damage_taken":32592,"minecraft:walk_one_cm":265952,"minecraft:mob_kills":14,"minecraft:drop":16,"minecraft:damage_dealt":152,"minecraft:swim_one_cm":514,"minecraft:player_kills":56,"minecraft:fly_one_cm":948629,"minecraft:crouch_one_cm":20868,"minecraft:play_one_minute":104930,"minecraft:deaths":94,"minecraft:sneak_time":5927,"minecraft:walk_under_water_one_cm":649,"minecraft:jump":2757,"minecraft:time_since_death":415,"minecraft:walk_on_water_one_cm":1498,"minecraft:sleep_in_bed":2,"minecraft:fall_one_cm":67513}},"DataVersion":2586}