{"stats":{"minecraft:mined":{"minecraft:white_bed":5,"minecraft:fire":4},"minecraft:used":{"minecraft:ender_eye":12,"minecraft:baked_potato":27,"minecraft:wooden_sword":25,"minecraft:dirt":4,"minecraft:white_bed":8,"minecraft:end_portal_frame":13},"minecraft:custom":{"minecraft:time_since_rest":36,"minecraft:sprint_one_cm":432472,"minecraft:walk_one_cm":389632,"minecraft:damage_taken":47584,"minecraft:mob_kills":14,"minecraft:drop":17,"minecraft:damage_dealt":1540,"minecraft:swim_one_cm":514,"minecraft:fly_one_cm":1326078,"minecraft:player_kills":97,"minecraft:crouch_one_cm":23485,"minecraft:play_one_minute":170680,"minecraft:deaths":154,"minecraft:sneak_time":6855,"minecraft:walk_under_water_one_cm":981,"minecraft:jump":4727,"minecraft:leave_game":2,"minecraft:walk_on_water_one_cm":3782,"minecraft:time_since_death":2,"minecraft:sleep_in_bed":2,"minecraft:fall_one_cm":130034},"minecraft:picked_up":{"minecraft:chicken":3,"minecraft:leather":2,"mts:iavm.iav_ammo_007mm":2,"minecraft:white_bed":9,"minecraft:dirt":10,"mts:iavm.psv63":2,"minecraft:beef":1,"minecraft:nether_star":1,"minecraft:ender_pearl":1},"minecraft:killed":{"minecraft:chicken":2,"minecraft:giant":2,"minecraft:wither":3,"minecraft:enderman":5,"minecraft:cow":2},"minecraft:killed_by":{"minecraft:wither":1,"minecraft:player":149},"minecraft:dropped":{"mts:iavm.psv63":2,"minecraft:chicken":1,"mts:iavm.rpgm":1,"minecraft:leather":2,"minecraft:beef":1,"mts:iavm.iav_ammo_0a64mm":9,"minecraft:white_bed":1}},"DataVersion":2586}