{"stats":{"minecraft:used":{"minecraft:dirt":3,"minecraft:firework_rocket":7},"minecraft:picked_up":{"minecraft:dirt":3},"minecraft:mined":{"minecraft:grass_block":3},"minecraft:custom":{"minecraft:jump":7,"minecraft:time_since_rest":6144,"minecraft:crouch_one_cm":87,"minecraft:leave_game":4,"minecraft:play_time":6144,"minecraft:sprint_one_cm":833,"minecraft:time_since_death":6144,"minecraft:walk_on_water_one_cm":310,"minecraft:walk_one_cm":1750,"minecraft:sneak_time":197,"minecraft:total_world_time":6144,"minecraft:walk_under_water_one_cm":224,"minecraft:fly_one_cm":88773,"minecraft:aviate_one_cm":136328}},"DataVersion":3465}