{"stats":{"minecraft:used":{"minecraft:baked_potato":12,"minecraft:white_bed":6},"minecraft:killed":{"minecraft:cow":2},"minecraft:dropped":{"minecraft:leather":2,"mts:iavm.psv63":2,"minecraft:beef":1},"minecraft:killed_by":{"minecraft:player":90},"minecraft:picked_up":{"mts:iavm.psv63":2,"minecraft:leather":2,"minecraft:beef":1,"mts:iavm.iav_ammo_007mm":2,"minecraft:white_bed":6},"minecraft:mined":{"minecraft:white_bed":4},"minecraft:custom":{"minecraft:time_since_rest":8641,"minecraft:play_one_minute":80930,"minecraft:crouch_one_cm":20868,"minecraft:sprint_one_cm":244101,"minecraft:walk_one_cm":243550,"minecraft:damage_taken":21817,"minecraft:deaths":92,"minecraft:sneak_time":5300,"minecraft:walk_under_water_one_cm":649,"minecraft:mob_kills":2,"minecraft:drop":5,"minecraft:jump":2619,"minecraft:damage_dealt":134,"minecraft:walk_on_water_one_cm":1498,"minecraft:time_since_death":8614,"minecraft:sleep_in_bed":2,"minecraft:swim_one_cm":514,"minecraft:fall_one_cm":60584,"minecraft:fly_one_cm":637731,"minecraft:player_kills":56}},"DataVersion":2586}