{"stats":{"minecraft:killed":{"minecraft:chicken":2,"minecraft:giant":2,"minecraft:wither":3,"minecraft:enderman":5,"minecraft:cow":2},"minecraft:picked_up":{"minecraft:chicken":3,"minecraft:leather":2,"mts:iavm.iav_ammo_007mm":2,"minecraft:white_bed":7,"minecraft:dirt":10,"mts:iavm.psv63":2,"minecraft:beef":1,"minecraft:nether_star":1,"minecraft:ender_pearl":1},"minecraft:custom":{"minecraft:time_since_rest":359,"minecraft:sprint_one_cm":297854,"minecraft:walk_one_cm":299777,"minecraft:damage_taken":35330,"minecraft:mob_kills":14,"minecraft:drop":17,"minecraft:damage_dealt":214,"minecraft:swim_one_cm":514,"minecraft:fly_one_cm":1064791,"minecraft:player_kills":70,"minecraft:crouch_one_cm":20874,"minecraft:play_one_minute":135366,"minecraft:deaths":105,"minecraft:sneak_time":6040,"minecraft:walk_under_water_one_cm":687,"minecraft:jump":3220,"minecraft:leave_game":1,"minecraft:walk_on_water_one_cm":3342,"minecraft:time_since_death":335,"minecraft:sleep_in_bed":2,"minecraft:fall_one_cm":83909},"minecraft:killed_by":{"minecraft:wither":1,"minecraft:player":100},"minecraft:dropped":{"mts:iavm.psv63":2,"minecraft:chicken":1,"mts:iavm.rpgm":1,"minecraft:leather":2,"minecraft:beef":1,"mts:iavm.iav_ammo_0a64mm":9,"minecraft:white_bed":1},"minecraft:used":{"minecraft:ender_eye":12,"minecraft:baked_potato":13,"minecraft:dirt":4,"minecraft:white_bed":6,"minecraft:end_portal_frame":13},"minecraft:mined":{"minecraft:white_bed":5,"minecraft:fire":4}},"DataVersion":2586}