{"stats":{"minecraft:used":{"minecraft:firework_rocket":7,"minecraft:dirt":3},"minecraft:picked_up":{"minecraft:dirt":3},"minecraft:mined":{"minecraft:grass_block":3},"minecraft:custom":{"minecraft:jump":4,"minecraft:time_since_rest":3595,"minecraft:sprint_one_cm":749,"minecraft:leave_game":4,"minecraft:play_time":3595,"minecraft:walk_on_water_one_cm":310,"minecraft:time_since_death":3595,"minecraft:walk_one_cm":1621,"minecraft:total_world_time":3595,"minecraft:walk_under_water_one_cm":224,"minecraft:fly_one_cm":12878,"minecraft:aviate_one_cm":136328}},"DataVersion":3465}