{"stats":{"minecraft:used":{"minecraft:baked_potato":6,"minecraft:white_bed":2},"minecraft:dropped":{"mts:iavm.psv63":2},"minecraft:killed_by":{"minecraft:player":47},"minecraft:picked_up":{"mts:iavm.psv63":2,"mts:iavm.iav_ammo_007mm":2,"minecraft:white_bed":1},"minecraft:custom":{"minecraft:time_since_rest":40,"minecraft:play_one_minute":38930,"minecraft:crouch_one_cm":15854,"minecraft:sprint_one_cm":92465,"minecraft:walk_one_cm":126732,"minecraft:damage_taken":11531,"minecraft:deaths":47,"minecraft:sneak_time":4072,"minecraft:walk_under_water_one_cm":649,"minecraft:drop":2,"minecraft:jump":1131,"minecraft:damage_dealt":55,"minecraft:walk_on_water_one_cm":1498,"minecraft:time_since_death":13,"minecraft:swim_one_cm":514,"minecraft:fall_one_cm":21297,"minecraft:fly_one_cm":338795,"minecraft:player_kills":26}},"DataVersion":2586}