{"stats":{"minecraft:used":{"minecraft:dirt":3,"minecraft:firework_rocket":7,"minecraft:netherite_axe":66},"minecraft:picked_up":{"terrestria:hemlock_log":49,"terrestria:hemlock_quarter_log":3,"terrestria:hemlock_wood":5,"minecraft:dirt":3},"minecraft:mined":{"terrestria:hemlock_wood":6,"minecraft:grass_block":3,"terrestria:hemlock_log":51,"terrestria:hemlock_quarter_log":4,"minecraft:fern":1},"minecraft:custom":{"minecraft:time_since_rest":8362,"minecraft:crouch_one_cm":87,"minecraft:sprint_one_cm":3459,"minecraft:play_time":8362,"minecraft:damage_taken":60,"minecraft:walk_one_cm":6289,"minecraft:sneak_time":197,"minecraft:walk_under_water_one_cm":224,"minecraft:aviate_one_cm":136487,"minecraft:jump":22,"minecraft:damage_dealt":150,"minecraft:leave_game":5,"minecraft:walk_on_water_one_cm":310,"minecraft:time_since_death":8362,"minecraft:total_world_time":8362,"minecraft:fly_one_cm":95924,"minecraft:fall_one_cm":236}},"DataVersion":3465}