{"stats":{"minecraft:killed":{"minecraft:skeleton":3,"minecraft:spider":1,"minecraft:zombie":5,"minecraft:witch":1,"minecraft:cow":1},"minecraft:used":{"simplyswords:sunfire":5,"minecraft:firework_rocket":75,"simplyswords:brimstone_claymore":18},"minecraft:custom":{"minecraft:open_chest":1,"minecraft:time_since_rest":23375,"minecraft:play_time":23375,"minecraft:sprint_one_cm":6485,"minecraft:walk_one_cm":10478,"minecraft:sneak_time":12,"minecraft:walk_under_water_one_cm":54,"minecraft:mob_kills":11,"minecraft:aviate_one_cm":887260,"minecraft:jump":65,"minecraft:damage_dealt":2348,"minecraft:leave_game":3,"minecraft:time_since_death":23375,"minecraft:walk_on_water_one_cm":192,"minecraft:total_world_time":23375,"minecraft:swim_one_cm":287,"minecraft:fly_one_cm":55551},"minecraft:picked_up":{"minecraft:arrow":5,"minecraft:bone":2,"minecraft:rotten_flesh":4,"minecraft:bow":1,"minecraft:emerald":1,"minecraft:redstone":3,"minecraft:string":1}},"DataVersion":3465}