{"stats":{"minecraft:mined":{"minecraft:white_bed":5,"minecraft:fire":4,"minecraft:grass":1},"minecraft:used":{"minecraft:ender_eye":12,"minecraft:baked_potato":35,"minecraft:iron_sword":49,"minecraft:wooden_sword":27,"minecraft:dirt":4,"minecraft:white_bed":8,"minecraft:end_portal_frame":13},"minecraft:custom":{"minecraft:time_since_rest":86,"minecraft:sprint_one_cm":509155,"minecraft:walk_one_cm":444381,"minecraft:damage_taken":55876,"minecraft:mob_kills":14,"minecraft:drop":18,"minecraft:damage_dealt":2683,"minecraft:swim_one_cm":514,"minecraft:fly_one_cm":1509428,"minecraft:player_kills":108,"minecraft:crouch_one_cm":23503,"minecraft:play_one_minute":194180,"minecraft:deaths":188,"minecraft:sneak_time":6877,"minecraft:walk_under_water_one_cm":981,"minecraft:jump":5799,"minecraft:leave_game":3,"minecraft:walk_on_water_one_cm":4400,"minecraft:time_since_death":59,"minecraft:sleep_in_bed":2,"minecraft:fall_one_cm":166265},"minecraft:picked_up":{"minecraft:chicken":3,"minecraft:leather":2,"mts:iavm.iav_ammo_007mm":2,"minecraft:white_bed":10,"minecraft:dirt":10,"mts:iavm.psv63":2,"minecraft:wheat_seeds":1,"minecraft:beef":1,"minecraft:nether_star":1,"minecraft:ender_pearl":1},"minecraft:killed":{"minecraft:chicken":2,"minecraft:giant":2,"minecraft:wither":3,"minecraft:enderman":5,"minecraft:cow":2},"minecraft:killed_by":{"minecraft:wither":1,"minecraft:player":182},"minecraft:dropped":{"minecraft:wheat_seeds":1,"mts:iavm.psv63":2,"minecraft:chicken":1,"mts:iavm.rpgm":1,"minecraft:leather":2,"minecraft:beef":1,"mts:iavm.iav_ammo_0a64mm":9,"minecraft:white_bed":1}},"DataVersion":2586}