{"stats":{"minecraft:used":{"minecraft:dirt":4,"minecraft:baked_potato":12,"minecraft:white_bed":6},"minecraft:killed":{"minecraft:chicken":2,"minecraft:giant":1,"minecraft:wither":2,"minecraft:cow":2},"minecraft:dropped":{"minecraft:chicken":1,"minecraft:leather":2,"mts:iavm.psv63":2,"minecraft:beef":1},"minecraft:killed_by":{"minecraft:wither":1,"minecraft:player":90},"minecraft:picked_up":{"minecraft:chicken":3,"mts:iavm.psv63":2,"minecraft:leather":2,"minecraft:beef":1,"mts:iavm.iav_ammo_007mm":2,"minecraft:white_bed":6,"minecraft:nether_star":1,"minecraft:dirt":10},"minecraft:mined":{"minecraft:white_bed":4},"minecraft:custom":{"minecraft:time_since_rest":5819,"minecraft:play_one_minute":92930,"minecraft:crouch_one_cm":20868,"minecraft:sprint_one_cm":249330,"minecraft:walk_one_cm":250962,"minecraft:damage_taken":22167,"minecraft:deaths":93,"minecraft:sneak_time":5367,"minecraft:walk_under_water_one_cm":649,"minecraft:mob_kills":7,"minecraft:drop":6,"minecraft:jump":2711,"minecraft:damage_dealt":143,"minecraft:walk_on_water_one_cm":1498,"minecraft:time_since_death":5791,"minecraft:sleep_in_bed":2,"minecraft:swim_one_cm":514,"minecraft:fall_one_cm":64192,"minecraft:fly_one_cm":730311,"minecraft:player_kills":56}},"DataVersion":2586}