{"stats":{"minecraft:custom":{"minecraft:time_since_rest":33259,"minecraft:open_chest":1,"minecraft:crouch_one_cm":869,"minecraft:play_one_minute":82948,"minecraft:sprint_one_cm":52042,"minecraft:deaths":4,"minecraft:damage_taken":13715,"minecraft:walk_one_cm":55002,"minecraft:sneak_time":2031,"minecraft:walk_under_water_one_cm":619,"minecraft:mob_kills":2,"minecraft:jump":465,"minecraft:damage_dealt":10,"minecraft:leave_game":5,"minecraft:time_since_death":33230,"minecraft:swim_one_cm":397,"minecraft:player_kills":2,"minecraft:fall_one_cm":36821,"minecraft:fly_one_cm":1089830},"minecraft:killed":{"minecraft:iron_golem":1,"minecraft:giant":1},"minecraft:killed_by":{"minecraft:player":2},"minecraft:picked_up":{"mts:iavm.rpg":1,"mts:iavm.iav_ammo_0a63mm":1,"mts:iavm.iav_ammo_0a64mm":1,"mts:iavm.iav_ammo_030mm":1,"mts:iavm.rpgm":1,"mts:auweschvebm.auweschveb_vehicle_a_yf20a_shsr":1,"minecraft:dirt":202},"minecraft:used":{"minecraft:oak_leaves":1,"minecraft:spruce_leaves":1,"mts:auweschvebm.auweschveb_vehicle_a_yf40_green":1,"minecraft:flint_and_steel":1,"minecraft:grass_block":1,"mts:auweschvebm.auweschveb_vehicle_a_yf20a_shsr":1,"mts:auweschveb.auweschveb_vehicle_a115_ip":3,"minecraft:obsidian":14},"minecraft:mined":{"minecraft:fire":4,"minecraft:birch_leaves":1}},"DataVersion":2586}