{"stats":{"minecraft:used":{"minecraft:baked_potato":12,"minecraft:white_bed":6},"minecraft:killed":{"minecraft:cow":2},"minecraft:dropped":{"minecraft:leather":2,"mts:iavm.psv63":2,"minecraft:beef":1},"minecraft:killed_by":{"minecraft:player":84},"minecraft:picked_up":{"mts:iavm.psv63":2,"minecraft:leather":2,"minecraft:beef":1,"mts:iavm.iav_ammo_007mm":2,"minecraft:white_bed":5},"minecraft:mined":{"minecraft:white_bed":3},"minecraft:custom":{"minecraft:time_since_rest":498,"minecraft:play_one_minute":68930,"minecraft:crouch_one_cm":16660,"minecraft:sprint_one_cm":218217,"minecraft:walk_one_cm":225366,"minecraft:damage_taken":20527,"minecraft:deaths":86,"minecraft:sneak_time":4342,"minecraft:walk_under_water_one_cm":649,"minecraft:mob_kills":2,"minecraft:drop":5,"minecraft:jump":2352,"minecraft:damage_dealt":134,"minecraft:walk_on_water_one_cm":1498,"minecraft:time_since_death":474,"minecraft:sleep_in_bed":2,"minecraft:swim_one_cm":514,"minecraft:fall_one_cm":54489,"minecraft:fly_one_cm":586340,"minecraft:player_kills":52}},"DataVersion":2586}