{"stats":{"minecraft:used":{"minecraft:potion":1,"minecraft:flint_and_steel":1,"mts:auweschvebm.auweschveb_vehicle_a_yf20a_shsr":4,"minecraft:obsidian":6},"minecraft:dropped":{"minecraft:potion":1,"minecraft:cobblestone":8,"minecraft:dirt":1,"minecraft:sandstone":6,"minecraft:sand":22},"minecraft:picked_up":{"minecraft:sandstone":6,"minecraft:sand":22,"minecraft:dirt":1,"minecraft:cobblestone":8},"minecraft:custom":{"minecraft:open_chest":1,"minecraft:time_since_rest":9403,"minecraft:play_one_minute":9403,"minecraft:sprint_one_cm":880,"minecraft:walk_one_cm":2770,"minecraft:sneak_time":78,"minecraft:walk_under_water_one_cm":5323,"minecraft:drop":9,"minecraft:jump":32,"minecraft:leave_game":1,"minecraft:walk_on_water_one_cm":423,"minecraft:time_since_death":9403,"minecraft:swim_one_cm":3375,"minecraft:fall_one_cm":209,"minecraft:fly_one_cm":273058}},"DataVersion":2586}