{"stats":{"minecraft:killed_by":{"minecraft:player":1},"minecraft:used":{"mts:auweschvebh.auweschveb_vehicle_obj40_green":2,"mts:auweschvebh.auweschveb_vehicle_airship_1":2,"minecraft:cyan_terracotta":4,"minecraft:gray_stained_glass_pane":1,"minecraft:black_stained_glass_pane":4,"mts:auweschvebh.auweschveb_vehicle_gaz_a4":1,"minecraft:grass_block":3,"mts:auweschvebh.auweschveb_vehicle_airship_1_mai":4,"mts:auweschvebm.auweschveb_vehicle_bt6_green":1,"mts:auweschvebm.auweschveb_vehicle_obj70_green":1,"minecraft:stone":2,"minecraft:smooth_quartz":2,"mts:auweschvebm.auweschveb_vehicle_a_yf22_shsr":2,"minecraft:blue_bed":1,"mts:auweschvebm.auweschveb_vehicle_a_yf40_black":4,"mts:auweschvebm.auweschveb_vehicle_art_0152_4":1,"minecraft:torch":9,"mts:auweschvebm.auweschveb_vehicle_a_yf40_green":1,"mts:auweschvebm.auweschveb_vehicle_a_heli_1_police":1,"mts:mts.fuelpump":2,"immersiveengineering:biodiesel_bucket":13,"minecraft:bucket":1,"mts:auweschvebm.auweschveb_vehicle_a_yf20a_shsr":1,"minecraft:sponge":3,"minecraft:white_concrete":10,"minecraft:granite":2,"mts:iav.otsh-3":12,"mts:auweschvebm.auweschveb_vehicle_a_heli_1_standard":1},"minecraft:killed":{"minecraft:wither":1},"minecraft:dropped":{"mts:iavm.iav_ammo_0a63mm":1,"minecraft:smooth_stone":1,"mts:iavm.tanker_us_standing":1,"mts:iavm.rpg":1},"minecraft:custom":{"minecraft:time_since_rest":87,"minecraft:sprint_one_cm":25156,"minecraft:walk_one_cm":93171,"minecraft:damage_taken":515,"minecraft:mob_kills":1,"minecraft:drop":4,"minecraft:player_kills":1,"minecraft:fly_one_cm":464751,"minecraft:play_one_minute":76999,"minecraft:crouch_one_cm":908,"minecraft:deaths":2,"minecraft:sneak_time":452,"minecraft:jump":241,"minecraft:leave_game":3,"minecraft:time_since_death":62,"minecraft:sleep_in_bed":1,"minecraft:fall_one_cm":211},"minecraft:picked_up":{"mts:iavm.iav_ammo_0a63mm":1,"mts:iav.iav_flag_car_shsr":1,"minecraft:barrel":1,"minecraft:dirt":4,"mts:iavm.rpg":1,"minecraft:oak_wood":2,"minecraft:smooth_sandstone":4,"minecraft:smooth_stone":1,"minecraft:sandstone_stairs":2}},"DataVersion":2586}