{"stats":{"minecraft:custom":{"minecraft:jump":23,"minecraft:open_chest":1,"minecraft:time_since_rest":4569,"minecraft:play_one_minute":4569,"minecraft:sprint_one_cm":814,"minecraft:time_since_death":4569,"minecraft:walk_one_cm":989,"minecraft:sneak_time":78,"minecraft:drop":1,"minecraft:fall_one_cm":209,"minecraft:fly_one_cm":210036},"minecraft:used":{"mts:auweschvebm.auweschveb_vehicle_a_yf20a_shsr":1,"minecraft:potion":1,"minecraft:flint_and_steel":1,"minecraft:obsidian":6},"minecraft:dropped":{"minecraft:potion":1}},"DataVersion":2586}