{"stats":{"minecraft:mined":{"minecraft:orange_wool":3,"minecraft:oak_wall_sign":3,"minecraft:oak_sign":2,"minecraft:gray_stained_glass":1,"minecraft:redstone_torch":2},"minecraft:dropped":{"minecraft:crimson_nylium":1,"minecraft:repeating_command_block":4,"minecraft:birch_planks":1,"minecraft:brown_mushroom":21,"minecraft:porkchop":9,"minecraft:orange_dye":1,"minecraft:oak_pressure_plate":1,"minecraft:glass_bottle":3,"minecraft:crafting_table":1,"minecraft:cookie":11,"minecraft:lantern":1,"minecraft:saddle":1,"minecraft:carrot_on_a_stick":1,"minecraft:cod":16,"minecraft:light_weighted_pressure_plate":1,"minecraft:cyan_terracotta":1,"minecraft:dark_oak_trapdoor":1,"minecraft:pumpkin_pie":5,"minecraft:sugar":72,"minecraft:iron_pickaxe":3,"minecraft:acacia_door":1,"minecraft:fishing_rod":1,"minecraft:green_stained_glass_pane":16,"minecraft:birch_stairs":5,"minecraft:blue_bed":3,"minecraft:cauldron":2,"minecraft:oak_door":6,"minecraft:smooth_sandstone_stairs":1,"minecraft:wheat":31,"minecraft:lime_wool":23,"minecraft:beetroot":41,"minecraft:lime_dye":1,"minecraft:warped_sign":1,"minecraft:honey_bottle":43,"minecraft:salmon":99,"minecraft:carrot":74,"minecraft:leather_chestplate":21,"minecraft:heavy_weighted_pressure_plate":6,"minecraft:cyan_banner":1,"minecraft:dropper":1,"minecraft:charcoal":3,"minecraft:quartz_block":1,"minecraft:hopper":4,"minecraft:spruce_slab":1,"minecraft:basalt":3,"minecraft:cyan_concrete":1,"minecraft:glass":8,"minecraft:beef":11,"minecraft:chain_command_block":2,"minecraft:scaffolding":3,"minecraft:splash_potion":1,"minecraft:egg":3,"minecraft:water_bucket":26,"minecraft:bread":7,"minecraft:gray_stained_glass_pane":1,"minecraft:clock":1,"minecraft:yellow_concrete":2,"minecraft:cyan_dye":1,"minecraft:cobblestone":3,"minecraft:observer":13,"minecraft:apple":129,"minecraft:granite":2,"minecraft:command_block":20,"minecraft:spruce_door":4,"minecraft:spruce_stairs":4,"minecraft:polished_blackstone_button":1,"minecraft:grass_block":1,"minecraft:coal":2,"minecraft:blue_dye":1,"minecraft:warped_stairs":5,"minecraft:diorite":3,"minecraft:repeater":16,"minecraft:wooden_axe":1,"minecraft:smooth_quartz":2,"minecraft:white_concrete":6,"minecraft:melon_slice":2,"minecraft:cooked_salmon":1,"minecraft:potion":105,"minecraft:oak_stairs":27,"minecraft:pumpkin":16,"minecraft:golden_hoe":42,"minecraft:magenta_glazed_terracotta":9,"minecraft:iron_axe":3,"minecraft:iron_shovel":2,"minecraft:paper":224,"minecraft:redstone":70,"minecraft:brown_dye":1,"minecraft:sweet_berries":16,"minecraft:oak_trapdoor":1,"minecraft:player_head":53,"minecraft:coarse_dirt":1,"minecraft:cocoa_beans":20,"minecraft:chicken":2,"minecraft:comparator":10,"minecraft:white_terracotta":2,"minecraft:debug_stick":1,"minecraft:oak_sign":1,"minecraft:filled_map":5,"minecraft:potato":110,"minecraft:stone":8,"minecraft:andesite":3,"minecraft:cake":12,"minecraft:redstone_torch":10,"minecraft:birch_sign":2,"minecraft:stone_bricks":2,"minecraft:barrel":2,"minecraft:light_gray_dye":1,"minecraft:sandstone":1,"minecraft:magenta_dye":1,"minecraft:orange_stained_glass_pane":4,"minecraft:black_wool":1},"minecraft:killed":{"minecraft:zombie_horse":1,"minecraft:mule":1,"minecraft:pig":3,"minecraft:pillager":1,"minecraft:donkey":8,"minecraft:horse":5,"minecraft:llama":1,"minecraft:villager":1},"minecraft:crafted":{"minecraft:apple":17,"minecraft:air":0},"minecraft:picked_up":{"minecraft:wooden_axe":1,"minecraft:wheat":16,"minecraft:flower_pot":1,"minecraft:anvil":1,"minecraft:green_stained_glass_pane":1,"minecraft:yellow_wool":64,"minecraft:magenta_carpet":4,"minecraft:oak_stairs":43,"minecraft:potion":98,"minecraft:birch_button":4,"minecraft:warped_stairs":17,"minecraft:dark_oak_trapdoor":1,"minecraft:cooked_salmon":1,"minecraft:oak_sign":26,"minecraft:beetroot":38,"minecraft:comparator":16,"minecraft:light_weighted_pressure_plate":2,"minecraft:redstone_torch":32,"minecraft:smooth_quartz":2,"minecraft:iron_pickaxe":3,"minecraft:melon_slice":2,"minecraft:dark_oak_door":3,"minecraft:diamond_ore":4,"minecraft:spruce_pressure_plate":1,"minecraft:spruce_stairs":16,"minecraft:porkchop":9,"minecraft:warped_button":2,"minecraft:diorite":1354,"minecraft:music_disc_pigstep":1,"minecraft:cauldron":1,"minecraft:gray_stained_glass_pane":1,"minecraft:quartz_block":1,"minecraft:honey_bottle":11,"minecraft:command_block":18,"minecraft:blue_dye":3,"minecraft:cyan_terracotta":1,"minecraft:wolf_spawn_egg":8,"minecraft:white_terracotta":2,"minecraft:cod":8,"minecraft:cobblestone":565,"minecraft:nautilus_shell":4,"minecraft:leather_chestplate":21,"minecraft:repeater":35,"minecraft:iron_door":2,"minecraft:water_bucket":6,"minecraft:andesite":1690,"minecraft:potato":89,"minecraft:light_gray_dye":3,"minecraft:smooth_sandstone_stairs":1,"minecraft:lantern":3,"minecraft:light_gray_concrete_powder":1,"minecraft:glass":64,"minecraft:wheat_seeds":120,"minecraft:dark_oak_sign":4,"minecraft:cyan_concrete":1,"minecraft:oak_planks":1,"minecraft:debug_stick":2,"minecraft:oak_pressure_plate":1,"minecraft:grass_block":1,"minecraft:barrel":2,"minecraft:orange_wool":3,"minecraft:sugar":52,"minecraft:lever":3,"minecraft:polished_blackstone_button":8,"minecraft:granite":238,"minecraft:white_concrete":81,"minecraft:bread":8,"minecraft:cyan_dye":3,"minecraft:light_gray_carpet":1,"minecraft:oak_leaves":64,"minecraft:magenta_glazed_terracotta":9,"minecraft:fishing_rod":1,"minecraft:charcoal":3,"minecraft:cocoa_beans":21,"minecraft:crafting_table":1,"minecraft:splash_potion":1,"minecraft:chicken":3,"minecraft:brown_mushroom":29,"minecraft:orange_stained_glass_pane":3,"minecraft:acacia_button":4,"minecraft:heavy_weighted_pressure_plate":7,"minecraft:cornflower":1,"minecraft:acacia_door":1,"minecraft:iron_axe":3,"minecraft:item_frame":8,"minecraft:white_carpet":16,"minecraft:iron_shovel":2,"minecraft:beef":11,"minecraft:player_head":17,"minecraft:observer":13,"minecraft:poppy":1,"minecraft:egg":3,"minecraft:lime_wool":14,"minecraft:stone":189,"minecraft:oak_door":6,"minecraft:mooshroom_spawn_egg":8,"minecraft:music_disc_mellohi":2,"minecraft:gray_dye":127,"minecraft:white_dye":63,"minecraft:cake":12,"minecraft:stone_button":19,"minecraft:cookie":23,"minecraft:carrot":131,"minecraft:redstone":255,"minecraft:brown_dye":3,"minecraft:stone_pressure_plate":4,"minecraft:repeating_command_block":2,"minecraft:peony":1,"minecraft:pumpkin_pie":5,"minecraft:golden_hoe":33,"minecraft:saddle":38,"minecraft:rail":2,"minecraft:purple_dye":63,"minecraft:clock":1,"minecraft:basalt":9,"minecraft:salmon":25,"minecraft:carrot_on_a_stick":1,"minecraft:filled_map":5,"minecraft:birch_planks":1,"minecraft:lily_pad":1,"minecraft:blue_bed":3,"minecraft:paper":231,"minecraft:stone_bricks":9,"minecraft:apple":233,"minecraft:glass_bottle":2,"minecraft:scaffolding":18,"minecraft:oak_slab":1,"minecraft:chain_command_block":3,"minecraft:sweet_berries":18,"minecraft:pumpkin":14,"minecraft:yellow_concrete":17,"minecraft:birch_stairs":17,"minecraft:spruce_door":4,"minecraft:oak_wood":32,"minecraft:lime_dye":3,"minecraft:birch_sign":21,"minecraft:crimson_nylium":1,"minecraft:hopper":64},"minecraft:used":{"minecraft:peony":3,"minecraft:light_blue_stained_glass_pane":8,"minecraft:light_blue_banner":34,"minecraft:nether_brick_fence":30,"minecraft:blue_terracotta":56,"minecraft:polished_granite_stairs":3,"minecraft:red_sand":1,"minecraft:iron_shovel":74,"minecraft:bone_block":222,"minecraft:light_gray_stained_glass_pane":567,"minecraft:smooth_quartz_slab":808,"minecraft:carrot_on_a_stick":529,"minecraft:dead_horn_coral_block":22,"minecraft:dispenser":14,"minecraft:spruce_slab":876,"minecraft:ladder":5,"minecraft:poppy":35,"minecraft:oak_sign":425,"minecraft:polished_basalt":11,"minecraft:chest":39,"minecraft:white_terracotta":248,"minecraft:stone":813,"minecraft:creeper_head":3,"minecraft:warped_sign":15,"minecraft:quartz_stairs":706,"minecraft:grass":24,"minecraft:bell":2,"minecraft:player_head":61,"minecraft:smooth_sandstone_stairs":289,"minecraft:farmland":47,"minecraft:stripped_crimson_stem":92,"minecraft:debug_stick":497,"minecraft:spruce_leaves":334,"minecraft:soul_campfire":8,"minecraft:mooshroom_spawn_egg":8,"minecraft:birch_pressure_plate":7,"minecraft:cocoa_beans":5,"minecraft:lily_of_the_valley":4,"minecraft:jungle_planks":113,"minecraft:carrot":82,"minecraft:allium":1,"minecraft:orange_wool":80,"minecraft:pink_terracotta":94,"minecraft:acacia_button":10,"minecraft:beehive":80,"minecraft:cyan_wool":145,"minecraft:azure_bluet":8,"minecraft:stripped_spruce_log":72,"minecraft:obsidian":11,"minecraft:jungle_sapling":1,"minecraft:polished_blackstone_slab":72,"minecraft:glass":264,"minecraft:crimson_button":5,"minecraft:cyan_terracotta":2376,"minecraft:stripped_dark_oak_wood":5,"minecraft:netherite_shovel":11,"minecraft:bricks":1154,"minecraft:black_stained_glass_pane":344,"minecraft:quartz_pillar":381,"minecraft:spruce_wood":51,"minecraft:music_disc_pigstep":1,"minecraft:red_wool":224,"minecraft:jungle_fence_gate":2,"minecraft:quartz_slab":994,"minecraft:lantern":22,"minecraft:grass_block":2105,"minecraft:blue_orchid":1,"minecraft:quartz_block":298,"minecraft:polished_andesite_stairs":235,"minecraft:green_wool":73,"minecraft:polished_blackstone_brick_wall":1,"minecraft:light_blue_bed":4,"minecraft:dark_oak_wood":376,"minecraft:dark_oak_leaves":1408,"minecraft:dark_oak_slab":271,"minecraft:mossy_cobblestone_slab":16,"minecraft:gray_concrete_powder":31,"minecraft:dark_oak_button":11,"minecraft:diorite_wall":87,"minecraft:stone_brick_stairs":212,"minecraft:stone_bricks":878,"minecraft:item_frame":59,"minecraft:bedrock":226,"minecraft:birch_button":84,"minecraft:repeater":1067,"minecraft:birch_trapdoor":142,"minecraft:red_carpet":6,"minecraft:redstone_lamp":49,"minecraft:snow":53,"minecraft:brown_carpet":4,"minecraft:scaffolding":96,"minecraft:written_book":18,"minecraft:sweet_berries":27,"minecraft:jungle_button":2,"minecraft:furnace":10,"minecraft:acacia_fence":438,"minecraft:polished_diorite_stairs":1,"minecraft:gold_block":28,"minecraft:potato":2,"minecraft:large_fern":95,"minecraft:polished_blackstone_stairs":240,"minecraft:green_stained_glass_pane":3,"minecraft:dark_prismarine_stairs":34,"minecraft:stripped_spruce_wood":113,"minecraft:dark_oak_sapling":15,"minecraft:light_blue_carpet":4,"minecraft:zombie_horse_spawn_egg":1,"minecraft:dark_oak_stairs":160,"minecraft:mossy_stone_bricks":6,"minecraft:diorite":6,"minecraft:damaged_anvil":4,"minecraft:end_rod":56,"minecraft:end_stone_bricks":102,"minecraft:gray_carpet":20,"minecraft:spruce_door":13,"minecraft:stripped_birch_log":194,"minecraft:brick_wall":48,"minecraft:dropper":60,"minecraft:stripped_acacia_log":16,"minecraft:dark_oak_sign":80,"minecraft:blackstone":1,"minecraft:polished_diorite_slab":56,"minecraft:birch_leaves":1743,"minecraft:red_stained_glass":3,"minecraft:acacia_trapdoor":37,"minecraft:prismarine":1,"minecraft:blackstone_stairs":163,"minecraft:jungle_fence":1,"minecraft:oak_planks":143,"minecraft:birch_wood":83,"minecraft:orange_tulip":17,"minecraft:composter":9,"minecraft:sandstone":796,"minecraft:structure_void":7,"minecraft:redstone_block":138,"minecraft:jungle_pressure_plate":4,"minecraft:blue_bed":1,"minecraft:clay":12,"minecraft:sugar_cane":20,"minecraft:oak_leaves":1090,"minecraft:smooth_quartz_stairs":569,"minecraft:white_wool":733,"minecraft:dark_oak_trapdoor":255,"minecraft:sand":32,"minecraft:purpur_stairs":61,"minecraft:light_blue_concrete":1,"minecraft:infested_chiseled_stone_bricks":10,"minecraft:yellow_terracotta":171,"minecraft:cut_sandstone_slab":34,"minecraft:lime_stained_glass_pane":5,"minecraft:loom":26,"minecraft:light_blue_wool":19,"minecraft:black_banner":2,"minecraft:smooth_red_sandstone":14,"minecraft:light_gray_terracotta":129,"minecraft:yellow_concrete":1,"minecraft:acacia_leaves":750,"minecraft:sponge":26,"minecraft:blackstone_wall":79,"minecraft:gray_concrete":163,"minecraft:note_block":20,"minecraft:stone_brick_wall":168,"minecraft:red_sandstone_wall":5,"minecraft:birch_fence":166,"minecraft:redstone_torch":292,"minecraft:sticky_piston":7,"minecraft:black_terracotta":7,"minecraft:dead_fire_coral_fan":2,"minecraft:lever":99,"minecraft:birch_slab":67,"minecraft:daylight_detector":5,"minecraft:birch_fence_gate":30,"minecraft:chiseled_sandstone":6,"minecraft:acacia_door":16,"minecraft:bread":1,"minecraft:dark_oak_log":95,"minecraft:gray_stained_glass_pane":564,"minecraft:light_gray_concrete":34,"minecraft:heavy_weighted_pressure_plate":29,"minecraft:stone_button":321,"minecraft:string":35,"minecraft:barrier":153,"minecraft:warped_slab":416,"minecraft:cyan_carpet":8,"minecraft:lectern":1,"minecraft:red_terracotta":37,"minecraft:polished_granite":174,"minecraft:oak_pressure_plate":44,"minecraft:iron_door":56,"minecraft:prismarine_wall":2,"minecraft:gravel":2230,"minecraft:lilac":15,"minecraft:polished_andesite_slab":209,"minecraft:blackstone_slab":115,"minecraft:jungle_sign":4,"minecraft:dead_horn_coral_fan":3,"minecraft:stripped_oak_wood":36,"minecraft:crimson_door":2,"minecraft:dark_oak_fence":52,"minecraft:white_stained_glass":1,"minecraft:andesite":406,"minecraft:piglin_spawn_egg":3,"minecraft:green_concrete_powder":2,"minecraft:chain":73,"minecraft:smooth_stone_slab":2421,"minecraft:oak_fence":77,"minecraft:white_concrete":1721,"minecraft:coarse_dirt":342,"minecraft:warped_button":45,"minecraft:purpur_block":1,"minecraft:diorite_slab":17,"minecraft:purple_wool":5,"minecraft:bone_meal":248,"minecraft:gray_stained_glass":389,"minecraft:cobweb":5,"minecraft:oak_trapdoor":151,"minecraft:stripped_acacia_wood":12,"minecraft:jungle_leaves":565,"minecraft:polished_blackstone_brick_slab":6,"minecraft:rose_bush":27,"minecraft:iron_bars":1540,"minecraft:flint_and_steel":23,"minecraft:dead_tube_coral_block":3,"minecraft:orange_concrete":1,"minecraft:red_concrete":13,"minecraft:armor_stand":7,"minecraft:redstone":1361,"minecraft:light_gray_carpet":72,"minecraft:light_blue_terracotta":12,"minecraft:silverfish_spawn_egg":6,"minecraft:stripped_warped_stem":11,"minecraft:spruce_planks":296,"minecraft:brown_shulker_box":3,"minecraft:wooden_shovel":234,"minecraft:stripped_birch_wood":2,"minecraft:stone_hoe":14,"minecraft:polished_blackstone_wall":2,"minecraft:structure_block":135,"minecraft:sandstone_wall":115,"minecraft:dried_kelp_block":70,"minecraft:oak_door":7,"minecraft:dragon_egg":2,"minecraft:orange_stained_glass":42,"minecraft:end_stone_brick_wall":54,"minecraft:anvil":1184,"minecraft:brewing_stand":3,"minecraft:dirt":599,"minecraft:warped_wart_block":1,"minecraft:target":2,"minecraft:white_carpet":86,"minecraft:hopper":64,"minecraft:warped_door":1,"minecraft:prismarine_bricks":61,"minecraft:light_gray_glazed_terracotta":27,"minecraft:spruce_stairs":381,"minecraft:stone_stairs":90,"minecraft:cobblestone_wall":59,"minecraft:oak_wood":1608,"minecraft:yellow_carpet":1,"minecraft:nether_brick_slab":11,"minecraft:bee_nest":6,"minecraft:granite":426,"minecraft:jungle_trapdoor":22,"minecraft:spruce_fence":1093,"minecraft:warped_pressure_plate":3,"minecraft:blue_concrete":3,"minecraft:nether_brick_stairs":8,"minecraft:polished_diorite":545,"minecraft:fern":24,"minecraft:shroomlight":46,"minecraft:andesite_wall":292,"minecraft:birch_door":43,"minecraft:mossy_cobblestone_stairs":14,"minecraft:dark_oak_planks":144,"minecraft:stone_brick_slab":608,"minecraft:wooden_axe":6,"minecraft:brown_terracotta":6,"minecraft:sea_lantern":39,"minecraft:chipped_anvil":12,"minecraft:red_tulip":19,"minecraft:light_gray_stained_glass":22,"minecraft:bookshelf":102,"minecraft:smooth_sandstone":376,"minecraft:spruce_button":25,"minecraft:yellow_stained_glass":3,"minecraft:iron_block":401,"minecraft:iron_axe":2,"minecraft:light_weighted_pressure_plate":4,"minecraft:oak_stairs":113,"minecraft:spawner":2,"minecraft:brick_stairs":74,"minecraft:acacia_slab":34,"minecraft:crimson_slab":2,"minecraft:jungle_log":55,"minecraft:polished_blackstone_brick_stairs":6,"minecraft:smooth_quartz":3020,"minecraft:piglin_brute_spawn_egg":1,"minecraft:prismarine_slab":2,"minecraft:barrel":46,"minecraft:bamboo":14,"minecraft:light_gray_wool":215,"minecraft:tripwire_hook":24,"minecraft:purple_concrete":2,"minecraft:basalt":11,"minecraft:glowstone":337,"minecraft:tall_grass":6,"minecraft:lime_concrete":17,"minecraft:emerald_block":114,"minecraft:iron_trapdoor":292,"minecraft:dark_oak_pressure_plate":10,"minecraft:wolf_spawn_egg":4,"minecraft:lime_stained_glass":1,"minecraft:white_stained_glass_pane":38,"minecraft:podzol":98,"minecraft:cyan_banner":7,"minecraft:trapped_chest":1,"minecraft:granite_wall":2,"minecraft:stone_pressure_plate":87,"minecraft:orange_terracotta":123,"minecraft:orange_stained_glass_pane":3,"minecraft:observer":31,"minecraft:turtle_egg":24,"minecraft:quartz_bricks":936,"minecraft:wheat_seeds":229,"minecraft:water_bucket":91,"minecraft:yellow_banner":5,"minecraft:warped_stem":1,"minecraft:nether_brick_wall":3,"minecraft:pink_tulip":11,"minecraft:cobblestone_stairs":8,"minecraft:sandstone_stairs":309,"minecraft:pink_glazed_terracotta":1838,"minecraft:lodestone":7,"minecraft:snow_block":10,"minecraft:birch_planks":1099,"minecraft:polished_andesite":669,"minecraft:lime_wool":260,"minecraft:cartography_table":4,"minecraft:blue_wool":59,"minecraft:andesite_slab":68,"minecraft:smooth_sandstone_slab":119,"minecraft:llama_spawn_egg":1,"minecraft:cut_sandstone":152,"minecraft:red_mushroom_block":4,"minecraft:blue_concrete_powder":1,"minecraft:spruce_sign":8,"minecraft:cauldron":50,"minecraft:spruce_fence_gate":52,"minecraft:chiseled_nether_bricks":3,"minecraft:stonecutter":7,"minecraft:beacon":17,"minecraft:cobblestone_slab":120,"minecraft:cracked_stone_bricks":11,"minecraft:diamond_block":15,"minecraft:orange_carpet":9,"minecraft:light_gray_banner":25,"minecraft:jungle_wood":191,"minecraft:lime_terracotta":134,"minecraft:comparator":459,"minecraft:mossy_cobblestone":1,"minecraft:polished_blackstone_pressure_plate":1,"minecraft:vine":5,"minecraft:rail":12,"minecraft:terracotta":1752,"minecraft:stripped_dark_oak_log":75,"minecraft:dark_prismarine_slab":2,"minecraft:oak_slab":944,"minecraft:tnt":1,"minecraft:crafting_table":6,"minecraft:red_bed":11,"minecraft:birch_sign":231,"minecraft:white_bed":9,"minecraft:campfire":13,"minecraft:dark_oak_fence_gate":20,"minecraft:light_gray_concrete_powder":62,"minecraft:painting":48,"minecraft:magenta_carpet":7,"minecraft:smoker":12,"minecraft:warped_planks":1,"minecraft:cake":2,"minecraft:spruce_log":45,"minecraft:mushroom_stem":42,"minecraft:dark_oak_door":51,"minecraft:cyan_stained_glass":2,"minecraft:cornflower":10,"minecraft:acacia_stairs":236,"minecraft:oak_log":157,"minecraft:flower_pot":46,"minecraft:netherite_block":17,"minecraft:piston":52,"minecraft:dark_prismarine":37,"minecraft:wooden_hoe":178,"minecraft:warped_trapdoor":3,"minecraft:apple":10,"minecraft:acacia_sign":40,"minecraft:stripped_jungle_log":9,"minecraft:command_block":2245,"minecraft:sunflower":16,"minecraft:oak_button":1,"minecraft:pig_spawn_egg":2,"minecraft:netherite_axe":51,"minecraft:spruce_pressure_plate":15,"minecraft:stone_slab":429,"minecraft:detector_rail":4,"minecraft:jungle_stairs":2,"minecraft:cyan_concrete":255,"minecraft:purpur_slab":4,"minecraft:spruce_trapdoor":173,"minecraft:crimson_nylium":13,"minecraft:yellow_wool":188,"minecraft:crimson_sign":2,"minecraft:chiseled_stone_bricks":8,"minecraft:fishing_rod":10,"minecraft:cobblestone":345,"minecraft:potion":8,"minecraft:purple_bed":2,"minecraft:andesite_stairs":117,"minecraft:crimson_stairs":1,"minecraft:red_concrete_powder":2,"minecraft:white_banner":13,"minecraft:bucket":2,"minecraft:jungle_door":9,"minecraft:glass_pane":85,"minecraft:magenta_glazed_terracotta":2091,"minecraft:chain_command_block":615,"minecraft:red_banner":13,"minecraft:lapis_block":18,"minecraft:sandstone_slab":299,"minecraft:grass_path":73,"minecraft:repeating_command_block":1027,"minecraft:end_portal_frame":3,"minecraft:polished_blackstone_button":20,"minecraft:sea_pickle":30,"minecraft:stripped_oak_log":1,"minecraft:birch_stairs":150,"minecraft:gray_wool":883,"minecraft:brown_mushroom_block":3,"minecraft:dandelion":14,"minecraft:jukebox":4,"minecraft:smooth_stone":414,"minecraft:splash_potion":12,"minecraft:pillager_spawn_egg":1,"minecraft:green_stained_glass":6},"minecraft:custom":{"minecraft:open_barrel":8,"minecraft:leave_game":108,"minecraft:time_since_death":3411313,"minecraft:sprint_one_cm":1296152,"minecraft:drop":1279,"minecraft:talked_to_villager":44,"minecraft:deaths":1,"minecraft:jump":4077,"minecraft:interact_with_brewingstand":2,"minecraft:walk_on_water_one_cm":94037,"minecraft:play_record":1,"minecraft:play_one_minute":7271121,"minecraft:interact_with_loom":21,"minecraft:damage_dealt":3894,"minecraft:crouch_one_cm":119706,"minecraft:interact_with_smoker":65,"minecraft:inspect_dispenser":13,"minecraft:horse_one_cm":224737,"minecraft:inspect_dropper":53,"minecraft:mob_kills":23,"minecraft:interact_with_anvil":73,"minecraft:inspect_hopper":19,"minecraft:climb_one_cm":1835,"minecraft:walk_one_cm":2091982,"minecraft:sneak_time":259837,"minecraft:walk_under_water_one_cm":37286,"minecraft:tune_noteblock":79,"minecraft:pot_flower":45,"minecraft:interact_with_stonecutter":1,"minecraft:time_since_rest":3411374,"minecraft:damage_taken":685,"minecraft:trigger_trapped_chest":1,"minecraft:minecart_one_cm":88452,"minecraft:fly_one_cm":61487431,"minecraft:open_chest":57,"minecraft:pig_one_cm":5477772,"minecraft:fall_one_cm":6660}},"DataVersion":2586}