{"stats":{"minecraft:used":{"minecraft:grass_block":2,"minecraft:stone":178,"minecraft:golden_apple":27,"minecraft:wooden_sword":38,"minecraft:dirt":2,"minecraft:potion":2,"minecraft:red_bed":2,"mts:auweschvebm.auweschveb_vehicle_a_yf20a_shsr":2,"minecraft:white_bed":8,"minecraft:cooked_beef":11,"minecraft:enchanted_golden_apple":4,"minecraft:spruce_log":8,"minecraft:milk_bucket":1},"minecraft:mined":{"minecraft:white_bed":3,"minecraft:fire":1,"minecraft:grass_block":3},"minecraft:custom":{"minecraft:time_since_rest":227,"minecraft:sprint_one_cm":336611,"minecraft:walk_one_cm":481891,"minecraft:damage_taken":36207,"minecraft:damage_absorbed":1240,"minecraft:mob_kills":2,"minecraft:drop":12,"minecraft:damage_dealt":1384,"minecraft:swim_one_cm":1417,"minecraft:fly_one_cm":1653041,"minecraft:player_kills":149,"minecraft:open_chest":2,"minecraft:crouch_one_cm":58715,"minecraft:play_one_minute":198975,"minecraft:deaths":97,"minecraft:sneak_time":17223,"minecraft:walk_under_water_one_cm":5097,"minecraft:jump":3646,"minecraft:leave_game":4,"minecraft:walk_on_water_one_cm":2015,"minecraft:time_since_death":203,"minecraft:sleep_in_bed":2,"minecraft:damage_resisted":281,"minecraft:fall_one_cm":69034,"minecraft:horse_one_cm":8144},"minecraft:picked_up":{"minecraft:cooked_beef":129,"mts:iavm.iav_ammo_007mm":37,"minecraft:white_bed":5,"mts:iavm.rpgm":1,"minecraft:dirt":15,"minecraft:red_bed":1,"mts:iavm.psv63":2,"mts:iavm.iav_ammo_0a64mm":9,"minecraft:wheat_seeds":1,"minecraft:golden_apple":64,"minecraft:poppy":1},"minecraft:killed":{"minecraft:enderman":1,"minecraft:cow":1},"minecraft:killed_by":{"minecraft:player":97},"minecraft:dropped":{"mts:iavm.psv63":1,"minecraft:cooked_beef":192,"mts:iavm.iav_ammo_007mm":7}},"DataVersion":2586}