{"stats":{"minecraft:used":{"mts:auweschvebm.auweschveb_vehicle_a_yf20a_shsr":2},"minecraft:picked_up":{"minecraft:poppy":1,"minecraft:dirt":7},"minecraft:custom":{"minecraft:jump":38,"minecraft:open_chest":2,"minecraft:time_since_rest":9954,"minecraft:play_one_minute":9954,"minecraft:crouch_one_cm":13,"minecraft:leave_game":2,"minecraft:sprint_one_cm":1414,"minecraft:time_since_death":9954,"minecraft:walk_on_water_one_cm":407,"minecraft:walk_one_cm":4450,"minecraft:sneak_time":268,"minecraft:walk_under_water_one_cm":4039,"minecraft:fly_one_cm":292082}},"DataVersion":2586}