{"stats":{"minecraft:used":{"minecraft:grass_block":2,"minecraft:stone":178,"minecraft:golden_apple":27,"minecraft:wooden_sword":38,"minecraft:dirt":2,"minecraft:potion":2,"minecraft:red_bed":2,"mts:auweschvebm.auweschveb_vehicle_a_yf20a_shsr":2,"minecraft:white_bed":8,"minecraft:cooked_beef":11,"minecraft:enchanted_golden_apple":9,"minecraft:spruce_log":8,"minecraft:milk_bucket":1},"minecraft:mined":{"minecraft:white_bed":3,"minecraft:fire":1,"minecraft:grass_block":3},"minecraft:custom":{"minecraft:time_since_rest":766,"minecraft:sprint_one_cm":373381,"minecraft:walk_one_cm":518494,"minecraft:damage_taken":38187,"minecraft:damage_absorbed":1880,"minecraft:mob_kills":2,"minecraft:drop":12,"minecraft:damage_dealt":1408,"minecraft:swim_one_cm":1417,"minecraft:fly_one_cm":1709123,"minecraft:player_kills":172,"minecraft:open_chest":2,"minecraft:crouch_one_cm":65931,"minecraft:play_one_minute":210975,"minecraft:deaths":104,"minecraft:sneak_time":19783,"minecraft:walk_under_water_one_cm":5097,"minecraft:jump":3986,"minecraft:leave_game":4,"minecraft:walk_on_water_one_cm":2101,"minecraft:time_since_death":744,"minecraft:sleep_in_bed":2,"minecraft:damage_resisted":734,"minecraft:fall_one_cm":72190,"minecraft:horse_one_cm":8144},"minecraft:picked_up":{"minecraft:cooked_beef":129,"mts:iavm.iav_ammo_007mm":37,"minecraft:white_bed":5,"mts:iavm.rpgm":1,"minecraft:dirt":15,"minecraft:red_bed":2,"mts:iavm.psv63":2,"mts:iavm.iav_ammo_0a64mm":9,"minecraft:wheat_seeds":1,"minecraft:golden_apple":64,"minecraft:poppy":1},"minecraft:killed":{"minecraft:enderman":1,"minecraft:cow":1},"minecraft:killed_by":{"minecraft:player":104},"minecraft:dropped":{"mts:iavm.psv63":1,"minecraft:cooked_beef":192,"mts:iavm.iav_ammo_007mm":7}},"DataVersion":2586}