{"stats":{"minecraft:used":{"minecraft:golden_apple":8,"minecraft:dirt":2,"mts:auweschvebm.auweschveb_vehicle_a_yf20a_shsr":2,"minecraft:white_bed":4,"minecraft:cooked_beef":7,"minecraft:spruce_log":8},"minecraft:killed":{"minecraft:cow":1},"minecraft:dropped":{"minecraft:cooked_beef":192,"mts:iavm.iav_ammo_007mm":6},"minecraft:killed_by":{"minecraft:player":52},"minecraft:picked_up":{"minecraft:cooked_beef":129,"mts:iavm.psv63":1,"mts:iavm.iav_ammo_007mm":36,"minecraft:golden_apple":64,"minecraft:poppy":1,"minecraft:white_bed":3,"minecraft:dirt":10},"minecraft:mined":{"minecraft:grass_block":3,"minecraft:white_bed":2},"minecraft:custom":{"minecraft:time_since_rest":1264,"minecraft:open_chest":2,"minecraft:crouch_one_cm":31361,"minecraft:play_one_minute":92922,"minecraft:damage_absorbed":280,"minecraft:sprint_one_cm":167865,"minecraft:deaths":52,"minecraft:damage_taken":12924,"minecraft:walk_one_cm":226910,"minecraft:sneak_time":8940,"minecraft:walk_under_water_one_cm":4758,"minecraft:mob_kills":1,"minecraft:drop":10,"minecraft:jump":1931,"minecraft:damage_dealt":171,"minecraft:leave_game":2,"minecraft:walk_on_water_one_cm":1319,"minecraft:time_since_death":1241,"minecraft:sleep_in_bed":2,"minecraft:swim_one_cm":564,"minecraft:player_kills":84,"minecraft:fall_one_cm":42477,"minecraft:fly_one_cm":890806,"minecraft:horse_one_cm":8144}},"DataVersion":2586}