{"stats":{"minecraft:used":{"minecraft:stone":72,"minecraft:golden_apple":8,"minecraft:dirt":2,"minecraft:potion":1,"mts:auweschvebm.auweschveb_vehicle_a_yf20a_shsr":2,"minecraft:white_bed":5,"minecraft:cooked_beef":11,"minecraft:spruce_log":8,"minecraft:milk_bucket":1},"minecraft:killed":{"minecraft:enderman":1,"minecraft:cow":1},"minecraft:dropped":{"mts:iavm.psv63":1,"minecraft:cooked_beef":192,"mts:iavm.iav_ammo_007mm":7},"minecraft:killed_by":{"minecraft:player":56},"minecraft:picked_up":{"minecraft:cooked_beef":129,"mts:iavm.iav_ammo_007mm":37,"minecraft:white_bed":3,"mts:iavm.rpgm":1,"minecraft:dirt":15,"mts:iavm.psv63":2,"mts:iavm.iav_ammo_0a64mm":9,"minecraft:wheat_seeds":1,"minecraft:golden_apple":64,"minecraft:poppy":1},"minecraft:mined":{"minecraft:white_bed":3,"minecraft:fire":1,"minecraft:grass_block":3},"minecraft:custom":{"minecraft:time_since_rest":42080,"minecraft:walk_one_cm":298020,"minecraft:sprint_one_cm":216248,"minecraft:damage_taken":24374,"minecraft:damage_absorbed":280,"minecraft:mob_kills":2,"minecraft:drop":12,"minecraft:damage_dealt":255,"minecraft:swim_one_cm":1417,"minecraft:fly_one_cm":1316117,"minecraft:player_kills":91,"minecraft:open_chest":2,"minecraft:play_one_minute":140932,"minecraft:crouch_one_cm":37504,"minecraft:deaths":56,"minecraft:sneak_time":11720,"minecraft:walk_under_water_one_cm":5097,"minecraft:jump":2387,"minecraft:leave_game":3,"minecraft:time_since_death":41828,"minecraft:walk_on_water_one_cm":1449,"minecraft:sleep_in_bed":2,"minecraft:fall_one_cm":49147,"minecraft:horse_one_cm":8144}},"DataVersion":2586}