{"stats":{"minecraft:used":{"mts:auweschvebm.auweschveb_vehicle_a_yf20a_shsr":2},"minecraft:picked_up":{"minecraft:poppy":1,"minecraft:dirt":7},"minecraft:custom":{"minecraft:jump":58,"minecraft:open_chest":2,"minecraft:time_since_rest":26922,"minecraft:play_one_minute":26922,"minecraft:crouch_one_cm":437,"minecraft:leave_game":2,"minecraft:sprint_one_cm":2792,"minecraft:time_since_death":26922,"minecraft:walk_on_water_one_cm":407,"minecraft:walk_one_cm":21179,"minecraft:sneak_time":739,"minecraft:walk_under_water_one_cm":4039,"minecraft:fly_one_cm":460904,"minecraft:horse_one_cm":8144}},"DataVersion":2586}