{"stats":{"minecraft:used":{"minecraft:golden_apple":8,"minecraft:dirt":2,"mts:auweschvebm.auweschveb_vehicle_a_yf20a_shsr":2,"minecraft:white_bed":2,"minecraft:cooked_beef":4,"minecraft:spruce_log":8},"minecraft:killed":{"minecraft:cow":1},"minecraft:dropped":{"minecraft:cooked_beef":192,"mts:iavm.iav_ammo_007mm":6},"minecraft:killed_by":{"minecraft:player":48},"minecraft:picked_up":{"minecraft:cooked_beef":129,"mts:iavm.psv63":1,"mts:iavm.iav_ammo_007mm":36,"minecraft:golden_apple":64,"minecraft:poppy":1,"minecraft:white_bed":2,"minecraft:dirt":9},"minecraft:mined":{"minecraft:grass_block":2,"minecraft:white_bed":1},"minecraft:custom":{"minecraft:time_since_rest":329,"minecraft:open_chest":2,"minecraft:crouch_one_cm":27564,"minecraft:play_one_minute":80922,"minecraft:damage_absorbed":280,"minecraft:sprint_one_cm":129454,"minecraft:deaths":48,"minecraft:damage_taken":11826,"minecraft:walk_one_cm":193842,"minecraft:sneak_time":7830,"minecraft:walk_under_water_one_cm":4039,"minecraft:mob_kills":1,"minecraft:drop":10,"minecraft:jump":1504,"minecraft:damage_dealt":171,"minecraft:leave_game":2,"minecraft:walk_on_water_one_cm":671,"minecraft:time_since_death":307,"minecraft:player_kills":71,"minecraft:fall_one_cm":27745,"minecraft:fly_one_cm":787899,"minecraft:horse_one_cm":8144}},"DataVersion":2586}