{"stats":{"minecraft:killed_by":{"minecraft:player":3},"minecraft:used":{"mts:auweschvebm.auweschveb_vehicle_obj56_green":1,"mts:auweschvebm.auweschveb_vehicle_bt3_police":1,"minecraft:oak_sign":1,"mts:auweschvebm.auweschveb_vehicle_bt6_green":2,"mts:auweschvebm.auweschveb_vehicle_obj70_green":6,"mts:auweschvebm.soldier_nbc":4,"mts:auweschvebm.auweschveb_vehicle_art_0152_4":5,"mts:auweschvebm.auweschveb_vehicle_a_yf40_green":2,"mts:auweschvebh.auweschveb_vehicle_obj04_green":1,"minecraft:dirt":1,"minecraft:red_bed":1,"mts:auweschvebm.auweschveb_vehicle_a_yf20a_shsr":8,"minecraft:bucket":2,"mts:auweschvebm.auweschveb_vehicle_gromotuha":5,"minecraft:dark_oak_door":1,"minecraft:splash_potion":1,"mts:auweschvebh.auweschveb_vehicle_obj03_green":1},"minecraft:mined":{"minecraft:fire":31,"minecraft:grass_block":1,"minecraft:oak_wall_sign":1},"minecraft:custom":{"minecraft:time_since_rest":55,"minecraft:sprint_one_cm":34274,"minecraft:damage_taken":800,"minecraft:walk_one_cm":91012,"minecraft:drop":56,"minecraft:damage_dealt":20,"minecraft:fly_one_cm":1311831,"minecraft:player_kills":3,"minecraft:open_chest":1,"minecraft:crouch_one_cm":498,"minecraft:play_one_minute":104822,"minecraft:deaths":3,"minecraft:sneak_time":1295,"minecraft:jump":538,"minecraft:leave_game":4,"minecraft:time_since_death":65905,"minecraft:sleep_in_bed":1,"minecraft:fall_one_cm":2393},"minecraft:dropped":{"mts:iavm.iav_ammo_030mm":1,"minecraft:dirt":4,"mts:iavm.iav_ammo_0a63mm":1,"mts:auweschvebm.auweschveb_vehicle_a_yf20a_shsr":1,"mts:iav.iav_a_agi6":1,"minecraft:cobblestone":24,"mts:iav.iav_flag_car_shsr":1,"mts:iavm.rpgm":2,"minecraft:sand":18,"mts:iavm.iav_ammo_0a64mm":2,"mts:iavm.rpg":1},"minecraft:picked_up":{"mts:iav.iav_a_agi6":1,"minecraft:sand":18,"mts:iavm.rpgm":1,"minecraft:dirt":6,"minecraft:oak_sign":1,"mts:iavm.iav_ammo_0a64mm":1,"minecraft:granite":4,"minecraft:smooth_quartz":2,"minecraft:smooth_quartz_stairs":1,"minecraft:cobblestone":24}},"DataVersion":2586}