{"stats":{"minecraft:used":{"minecraft:stone":72,"minecraft:golden_apple":8,"minecraft:dirt":2,"minecraft:potion":1,"mts:auweschvebm.auweschveb_vehicle_a_yf20a_shsr":2,"minecraft:white_bed":5,"minecraft:cooked_beef":11,"minecraft:spruce_log":8,"minecraft:milk_bucket":1},"minecraft:killed":{"minecraft:cow":1},"minecraft:dropped":{"mts:iavm.psv63":1,"minecraft:cooked_beef":192,"mts:iavm.iav_ammo_007mm":6},"minecraft:killed_by":{"minecraft:player":56},"minecraft:picked_up":{"minecraft:cooked_beef":129,"mts:iavm.iav_ammo_007mm":37,"minecraft:white_bed":3,"minecraft:dirt":13,"mts:iavm.psv63":2,"minecraft:wheat_seeds":1,"minecraft:golden_apple":64,"minecraft:poppy":1},"minecraft:mined":{"minecraft:white_bed":3,"minecraft:fire":1,"minecraft:grass_block":3},"minecraft:custom":{"minecraft:time_since_rest":18070,"minecraft:walk_one_cm":265433,"minecraft:sprint_one_cm":195957,"minecraft:damage_taken":14184,"minecraft:damage_absorbed":280,"minecraft:mob_kills":1,"minecraft:drop":11,"minecraft:damage_dealt":206,"minecraft:swim_one_cm":1417,"minecraft:fly_one_cm":1010078,"minecraft:player_kills":90,"minecraft:open_chest":2,"minecraft:play_one_minute":116922,"minecraft:crouch_one_cm":35696,"minecraft:deaths":56,"minecraft:sneak_time":10708,"minecraft:walk_under_water_one_cm":5097,"minecraft:jump":2172,"minecraft:leave_game":2,"minecraft:time_since_death":18048,"minecraft:walk_on_water_one_cm":1449,"minecraft:sleep_in_bed":2,"minecraft:fall_one_cm":47409,"minecraft:horse_one_cm":8144}},"DataVersion":2586}