{"stats":{"minecraft:killed_by":{"minecraft:player":15},"minecraft:used":{"mts:auweschvebm.auweschveb_vehicle_obj56_green":1,"mts:auweschvebm.auweschveb_vehicle_bt3_police":1,"minecraft:baked_potato":1,"minecraft:oak_sign":1,"mts:auweschvebm.auweschveb_vehicle_bt6_green":2,"mts:auweschvebm.auweschveb_vehicle_obj70_green":6,"mts:auweschvebm.soldier_nbc":4,"mts:auweschvebm.auweschveb_vehicle_art_0152_4":5,"mts:auweschvebm.auweschveb_vehicle_a_yf40_green":2,"mts:auweschvebh.auweschveb_vehicle_obj04_green":1,"minecraft:dirt":1,"minecraft:red_bed":3,"mts:auweschvebm.auweschveb_vehicle_a_yf20a_shsr":8,"minecraft:bucket":2,"mts:auweschvebm.auweschveb_vehicle_gromotuha":5,"minecraft:dark_oak_door":1,"minecraft:splash_potion":1,"mts:auweschvebh.auweschveb_vehicle_obj03_green":1},"minecraft:mined":{"minecraft:red_bed":1,"minecraft:fire":32,"minecraft:grass_block":1,"minecraft:oak_wall_sign":1},"minecraft:custom":{"minecraft:time_since_rest":4945,"minecraft:sprint_one_cm":78173,"minecraft:damage_taken":13153,"minecraft:walk_one_cm":178649,"minecraft:drop":58,"minecraft:damage_dealt":23,"minecraft:fly_one_cm":1539714,"minecraft:player_kills":6,"minecraft:open_chest":2,"minecraft:crouch_one_cm":650,"minecraft:play_one_minute":128822,"minecraft:deaths":15,"minecraft:sneak_time":1493,"minecraft:jump":745,"minecraft:leave_game":4,"minecraft:time_since_death":4917,"minecraft:sleep_in_bed":2,"minecraft:fall_one_cm":4045},"minecraft:dropped":{"mts:iavm.iav_ammo_030mm":1,"minecraft:dirt":4,"mts:iavm.iav_ammo_0a63mm":1,"mts:auweschvebm.auweschveb_vehicle_a_yf20a_shsr":1,"mts:iavm.flame":1,"mts:iav.iav_a_agi6":1,"minecraft:cobblestone":24,"mts:iav.iav_flag_car_shsr":1,"mts:iavm.rpgm":2,"minecraft:sand":18,"mts:iavm.iav_ammo_0a64mm":2,"mts:iavm.iav_ammo_007mm":1,"mts:iavm.rpg":1},"minecraft:picked_up":{"mts:iav.iav_a_agi6":1,"mts:iavm.flame":1,"minecraft:sand":18,"mts:iavm.iav_ammo_007mm":1,"mts:iavm.rpgm":1,"minecraft:dirt":6,"minecraft:red_bed":2,"minecraft:oak_sign":1,"mts:iavm.iav_ammo_0a64mm":1,"minecraft:granite":4,"minecraft:smooth_quartz":2,"minecraft:smooth_quartz_stairs":1,"minecraft:cobblestone":24}},"DataVersion":2586}