{"stats":{"minecraft:used":{"minecraft:grass_block":2,"minecraft:stone":178,"minecraft:iron_sword":54,"minecraft:golden_apple":27,"minecraft:wooden_sword":38,"minecraft:dirt":2,"minecraft:potion":2,"minecraft:red_bed":2,"minecraft:cooked_porkchop":5,"mts:auweschvebm.auweschveb_vehicle_a_yf20a_shsr":2,"minecraft:white_bed":9,"minecraft:cooked_beef":11,"minecraft:enchanted_golden_apple":12,"minecraft:spruce_log":8,"minecraft:milk_bucket":1},"minecraft:mined":{"minecraft:white_bed":3,"minecraft:fire":1,"minecraft:grass":1,"minecraft:grass_block":3},"minecraft:custom":{"minecraft:time_since_rest":76,"minecraft:sprint_one_cm":399789,"minecraft:walk_one_cm":555001,"minecraft:damage_taken":40029,"minecraft:damage_absorbed":2520,"minecraft:mob_kills":2,"minecraft:drop":12,"minecraft:damage_dealt":2114,"minecraft:swim_one_cm":1417,"minecraft:fly_one_cm":1759554,"minecraft:player_kills":181,"minecraft:open_chest":2,"minecraft:crouch_one_cm":68124,"minecraft:play_one_minute":222251,"minecraft:deaths":108,"minecraft:sneak_time":20359,"minecraft:walk_under_water_one_cm":5097,"minecraft:jump":4261,"minecraft:leave_game":5,"minecraft:walk_on_water_one_cm":2435,"minecraft:time_since_death":53,"minecraft:sleep_in_bed":2,"minecraft:damage_resisted":1102,"minecraft:fall_one_cm":78524,"minecraft:horse_one_cm":8144},"minecraft:picked_up":{"minecraft:cooked_beef":129,"mts:iavm.iav_ammo_007mm":37,"minecraft:white_bed":5,"mts:iavm.rpgm":1,"minecraft:dirt":15,"minecraft:red_bed":2,"mts:iavm.psv63":2,"mts:iavm.iav_ammo_0a64mm":9,"minecraft:wheat_seeds":1,"minecraft:golden_apple":64,"minecraft:poppy":1},"minecraft:killed":{"minecraft:enderman":1,"minecraft:cow":1},"minecraft:killed_by":{"minecraft:player":108},"minecraft:dropped":{"mts:iavm.psv63":1,"minecraft:cooked_beef":192,"mts:iavm.iav_ammo_007mm":7}},"DataVersion":2586}