{"stats":{"minecraft:killed":{"minecraft:enderman":1,"minecraft:cow":1},"minecraft:picked_up":{"minecraft:cooked_beef":129,"mts:iavm.iav_ammo_007mm":37,"minecraft:white_bed":4,"mts:iavm.rpgm":1,"minecraft:dirt":15,"mts:iavm.psv63":2,"mts:iavm.iav_ammo_0a64mm":9,"minecraft:wheat_seeds":1,"minecraft:golden_apple":64,"minecraft:poppy":1},"minecraft:custom":{"minecraft:time_since_rest":41,"minecraft:sprint_one_cm":249837,"minecraft:walk_one_cm":351077,"minecraft:damage_taken":27886,"minecraft:damage_absorbed":440,"minecraft:mob_kills":2,"minecraft:drop":12,"minecraft:damage_dealt":343,"minecraft:swim_one_cm":1417,"minecraft:fly_one_cm":1438947,"minecraft:player_kills":100,"minecraft:open_chest":2,"minecraft:crouch_one_cm":37969,"minecraft:play_one_minute":156576,"minecraft:deaths":70,"minecraft:sneak_time":12234,"minecraft:walk_under_water_one_cm":5097,"minecraft:jump":2744,"minecraft:leave_game":3,"minecraft:walk_on_water_one_cm":1449,"minecraft:time_since_death":18,"minecraft:sleep_in_bed":2,"minecraft:fall_one_cm":51603,"minecraft:horse_one_cm":8144},"minecraft:killed_by":{"minecraft:player":70},"minecraft:used":{"minecraft:stone":72,"minecraft:golden_apple":13,"minecraft:dirt":2,"minecraft:potion":2,"mts:auweschvebm.auweschveb_vehicle_a_yf20a_shsr":2,"minecraft:white_bed":7,"minecraft:cooked_beef":11,"minecraft:spruce_log":8,"minecraft:milk_bucket":1},"minecraft:dropped":{"mts:iavm.psv63":1,"minecraft:cooked_beef":192,"mts:iavm.iav_ammo_007mm":7},"minecraft:mined":{"minecraft:white_bed":3,"minecraft:fire":1,"minecraft:grass_block":3}},"DataVersion":2586}