{"stats":{"minecraft:used":{"minecraft:golden_apple":8,"minecraft:dirt":2,"mts:auweschvebm.auweschveb_vehicle_a_yf20a_shsr":2,"minecraft:white_bed":2,"minecraft:cooked_beef":1,"minecraft:spruce_log":8},"minecraft:dropped":{"minecraft:cooked_beef":192,"mts:iavm.iav_ammo_007mm":4},"minecraft:killed_by":{"minecraft:player":26},"minecraft:picked_up":{"minecraft:cooked_beef":128,"mts:iavm.psv63":1,"mts:iavm.iav_ammo_007mm":34,"minecraft:golden_apple":64,"minecraft:poppy":1,"minecraft:white_bed":1,"minecraft:dirt":9},"minecraft:mined":{"minecraft:grass_block":2,"minecraft:white_bed":1},"minecraft:custom":{"minecraft:time_since_rest":1070,"minecraft:open_chest":2,"minecraft:crouch_one_cm":19171,"minecraft:play_one_minute":62922,"minecraft:damage_absorbed":280,"minecraft:sprint_one_cm":85593,"minecraft:deaths":26,"minecraft:damage_taken":6775,"minecraft:walk_one_cm":138566,"minecraft:sneak_time":5474,"minecraft:walk_under_water_one_cm":4039,"minecraft:drop":8,"minecraft:jump":981,"minecraft:damage_dealt":25,"minecraft:leave_game":2,"minecraft:walk_on_water_one_cm":671,"minecraft:time_since_death":1047,"minecraft:player_kills":47,"minecraft:fall_one_cm":16678,"minecraft:fly_one_cm":694574,"minecraft:horse_one_cm":8144}},"DataVersion":2586}