{"stats":{"minecraft:used":{"minecraft:golden_apple":8,"minecraft:dirt":2,"mts:auweschvebm.auweschveb_vehicle_a_yf20a_shsr":2,"minecraft:white_bed":5,"minecraft:cooked_beef":11,"minecraft:spruce_log":8},"minecraft:killed":{"minecraft:cow":1},"minecraft:dropped":{"minecraft:cooked_beef":192,"mts:iavm.iav_ammo_007mm":6},"minecraft:killed_by":{"minecraft:player":56},"minecraft:picked_up":{"minecraft:cooked_beef":129,"mts:iavm.psv63":1,"mts:iavm.iav_ammo_007mm":36,"minecraft:golden_apple":64,"minecraft:poppy":1,"minecraft:white_bed":3,"minecraft:dirt":10},"minecraft:mined":{"minecraft:grass_block":3,"minecraft:white_bed":3},"minecraft:custom":{"minecraft:time_since_rest":6070,"minecraft:open_chest":2,"minecraft:crouch_one_cm":35471,"minecraft:play_one_minute":104922,"minecraft:damage_absorbed":280,"minecraft:sprint_one_cm":183720,"minecraft:deaths":56,"minecraft:damage_taken":14154,"minecraft:walk_one_cm":248990,"minecraft:sneak_time":10353,"minecraft:walk_under_water_one_cm":5097,"minecraft:mob_kills":1,"minecraft:drop":10,"minecraft:jump":2105,"minecraft:damage_dealt":171,"minecraft:leave_game":2,"minecraft:walk_on_water_one_cm":1449,"minecraft:time_since_death":6048,"minecraft:sleep_in_bed":2,"minecraft:swim_one_cm":1417,"minecraft:player_kills":90,"minecraft:fall_one_cm":46629,"minecraft:fly_one_cm":931262,"minecraft:horse_one_cm":8144}},"DataVersion":2586}