{"stats":{"minecraft:used":{"minecraft:golden_apple":4,"minecraft:dirt":2,"mts:auweschvebm.auweschveb_vehicle_a_yf20a_shsr":2,"minecraft:white_bed":1,"minecraft:spruce_log":8},"minecraft:killed_by":{"minecraft:player":14},"minecraft:picked_up":{"mts:iavm.psv63":1,"mts:iavm.iav_ammo_007mm":30,"minecraft:golden_apple":64,"minecraft:poppy":1,"minecraft:dirt":9},"minecraft:mined":{"minecraft:grass_block":2},"minecraft:custom":{"minecraft:time_since_rest":2777,"minecraft:open_chest":2,"minecraft:crouch_one_cm":15348,"minecraft:play_one_minute":50922,"minecraft:damage_absorbed":160,"minecraft:sprint_one_cm":59906,"minecraft:deaths":14,"minecraft:damage_taken":3570,"minecraft:walk_one_cm":96780,"minecraft:sneak_time":4225,"minecraft:walk_under_water_one_cm":4039,"minecraft:jump":688,"minecraft:damage_dealt":9,"minecraft:leave_game":2,"minecraft:walk_on_water_one_cm":671,"minecraft:time_since_death":2753,"minecraft:player_kills":33,"minecraft:fall_one_cm":11151,"minecraft:fly_one_cm":627536,"minecraft:horse_one_cm":8144}},"DataVersion":2586}