{"stats":{"minecraft:used":{"minecraft:golden_apple":3,"mts:auweschvebm.auweschveb_vehicle_a_yf20a_shsr":2,"minecraft:white_bed":1,"minecraft:spruce_log":8},"minecraft:killed_by":{"minecraft:player":9},"minecraft:picked_up":{"mts:iavm.psv63":1,"mts:iavm.iav_ammo_007mm":30,"minecraft:golden_apple":64,"minecraft:poppy":1,"minecraft:dirt":7},"minecraft:custom":{"minecraft:time_since_rest":628,"minecraft:open_chest":2,"minecraft:crouch_one_cm":2489,"minecraft:play_one_minute":38922,"minecraft:damage_absorbed":80,"minecraft:sprint_one_cm":35104,"minecraft:deaths":9,"minecraft:damage_taken":2340,"minecraft:walk_one_cm":54044,"minecraft:sneak_time":1252,"minecraft:walk_under_water_one_cm":4039,"minecraft:jump":344,"minecraft:leave_game":2,"minecraft:walk_on_water_one_cm":671,"minecraft:time_since_death":605,"minecraft:player_kills":8,"minecraft:fall_one_cm":3642,"minecraft:fly_one_cm":578214,"minecraft:horse_one_cm":8144}},"DataVersion":2586}