{
  "rc_adv:dist_a": {
    "criteria": {
      "districta": "2024-08-02 10:58:32 +0000"
    },
    "done": true
  },
  "rc_adv:dist_b": {
    "criteria": {
      "districtb": "2024-08-02 10:58:32 +0000"
    },
    "done": true
  },
  "rc_adv:d_d": {
    "criteria": {
      "dd": "2024-08-02 10:58:32 +0000"
    },
    "done": true
  },
  "rc_adv:dist_c": {
    "criteria": {
      "districtc": "2024-08-02 10:58:32 +0000"
    },
    "done": true
  },
  "rc_adv:e_d": {
    "criteria": {
      "ed": "2024-08-02 10:58:32 +0000"
    },
    "done": true
  },
  "rc_adv:dist_d": {
    "criteria": {
      "districtd": "2024-08-02 10:58:32 +0000"
    },
    "done": true
  },
  "rc_adv:dist_e": {
    "criteria": {
      "districte": "2024-08-02 10:58:32 +0000"
    },
    "done": true
  },
  "rc_adv:dist_f": {
    "criteria": {
      "districtf": "2024-08-02 10:58:32 +0000"
    },
    "done": true
  },
  "rc_adv:i_d": {
    "criteria": {
      "id": "2024-08-02 10:58:32 +0000"
    },
    "done": true
  },
  "rc_adv:dist_g": {
    "criteria": {
      "districtg": "2024-08-02 10:58:32 +0000"
    },
    "done": true
  },
  "rc_adv:dist_h": {
    "criteria": {
      "districth": "2024-08-02 10:58:32 +0000"
    },
    "done": true
  },
  "rc_adv:dist_i": {
    "criteria": {
      "districtI": "2024-08-02 10:58:32 +0000"
    },
    "done": true
  },
  "rc_adv:root": {
    "criteria": {
      "radiantcity": "2024-08-02 10:58:32 +0000"
    },
    "done": true
  },
  "rc_adv:b4d": {
    "criteria": {
      "b4d": "2024-08-02 10:58:32 +0000"
    },
    "done": true
  },
  "rc_adv:b6d": {
    "criteria": {
      "b6d": "2024-08-02 10:58:32 +0000"
    },
    "done": true
  },
  "rc_adv:b7d": {
    "criteria": {
      "b7d": "2024-08-02 10:58:32 +0000"
    },
    "done": true
  },
  "rc_adv:a1": {
    "criteria": {
      "a1": "2024-08-02 10:59:23 +0000"
    },
    "done": true
  },
  "minecraft:adventure/root": {
    "criteria": {
      "killed_by_something": "2024-08-02 10:59:06 +0000"
    },
    "done": true
  },
  "minecraft:adventure/adventuring_time": {
    "criteria": {
      "minecraft:mountains": "2024-08-02 10:58:32 +0000"
    },
    "done": false
  },
  "DataVersion": 2586
}