{
  "minecraft:recipes/decorations/crafting_table": {
    "criteria": {
      "unlock_right_away": "2024-07-29 15:45:49 +0000"
    },
    "done": true
  },
  "betterdungeons:root": {
    "criteria": {
      "always": "2024-07-29 16:53:13 +0000"
    },
    "done": true
  },
  "betterdeserttemples:root": {
    "criteria": {
      "always": "2024-07-29 16:53:13 +0000"
    },
    "done": true
  },
  "dungeons_arise:wda_root": {
    "criteria": {
      "WDA": "2024-07-29 16:53:13 +0000"
    },
    "done": true
  },
  "minecraft:adventure/adventuring_time": {
    "criteria": {
      "minecraft:old_growth_pine_taiga": "2024-07-29 22:48:24 +0000",
      "minecraft:taiga": "2024-07-29 16:53:14 +0000",
      "minecraft:beach": "2024-07-29 16:56:02 +0000",
      "minecraft:river": "2024-07-29 16:55:24 +0000",
      "minecraft:cold_ocean": "2024-07-29 16:56:03 +0000",
      "minecraft:forest": "2024-07-29 16:56:08 +0000"
    },
    "done": false
  },
  "mcwroofs:recipes/grass": {
    "criteria": {
      "has_planks": "2024-07-29 16:54:47 +0000"
    },
    "done": true
  },
  "advancednetherite:recipes/building_blocks/netherite_iron_block": {
    "criteria": {
      "has_the_recipe": "2024-07-29 16:54:47 +0000"
    },
    "done": true
  },
  "mcwfences:recipes/dark_oak": {
    "criteria": {
      "has_dark_oak": "2024-07-29 16:54:47 +0000"
    },
    "done": true
  },
  "mcwfences:recipes/crimson": {
    "criteria": {
      "has_crimson": "2024-07-29 16:54:47 +0000"
    },
    "done": true
  },
  "mcwfences:recipes/jungle": {
    "criteria": {
      "has_jungle": "2024-07-29 16:54:47 +0000"
    },
    "done": true
  },
  "naturalist:recipes/food/cooked_egg": {
    "criteria": {
      "has_eggs": "2024-07-29 16:54:47 +0000"
    },
    "done": true
  },
  "mcwfences:recipes/warped": {
    "criteria": {
      "has_warped": "2024-07-29 16:54:47 +0000"
    },
    "done": true
  },
  "advancednetherite:recipes/netherite_diamond_block": {
    "criteria": {
      "has_ingredients": "2024-07-29 16:54:47 +0000"
    },
    "done": true
  },
  "advancednetherite:recipes/misc/netherite_diamond_ingot": {
    "criteria": {
      "has_the_recipe": "2024-07-29 16:54:47 +0000"
    },
    "done": true
  },
  "mcwfences:recipes/birch": {
    "criteria": {
      "has_birch": "2024-07-29 16:54:47 +0000"
    },
    "done": true
  },
  "mcwfences:recipes/stone": {
    "criteria": {
      "has_stone": "2024-07-29 16:54:47 +0000"
    },
    "done": true
  },
  "advancednetherite:recipes/building_blocks/netherite_emerald_block": {
    "criteria": {
      "has_the_recipe": "2024-07-29 16:54:47 +0000"
    },
    "done": true
  },
  "mcwfences:recipes/sandstone": {
    "criteria": {
      "has_sand": "2024-07-29 16:54:47 +0000"
    },
    "done": true
  },
  "mcwfences:recipes/acacia": {
    "criteria": {
      "has_acacia": "2024-07-29 16:54:47 +0000"
    },
    "done": true
  },
  "mcwfences:recipes/oak": {
    "criteria": {
      "has_oak": "2024-07-29 16:54:47 +0000"
    },
    "done": true
  },
  "mcwfences:recipes/hedge": {
    "criteria": {
      "has_birch": "2024-07-29 16:54:47 +0000"
    },
    "done": true
  },
  "advancednetherite:recipes/misc/netherite_emerald_ingot_from_block": {
    "criteria": {
      "has_the_recipe": "2024-07-29 16:54:47 +0000"
    },
    "done": true
  },
  "advancednetherite:recipes/netherite_iron_block": {
    "criteria": {
      "has_ingredients": "2024-07-29 16:54:47 +0000"
    },
    "done": true
  },
  "advancednetherite:recipes/netherite_ingots": {
    "criteria": {
      "has_ingredients": "2024-07-29 16:54:47 +0000"
    },
    "done": true
  },
  "advancednetherite:recipes/netherite_emerald_block": {
    "criteria": {
      "has_ingredients": "2024-07-29 16:54:47 +0000"
    },
    "done": true
  },
  "advancednetherite:recipes/netherite_gold_block": {
    "criteria": {
      "has_ingredients": "2024-07-29 16:54:47 +0000"
    },
    "done": true
  },
  "advancednetherite:recipes/misc/netherite_diamond_ingot_from_block": {
    "criteria": {
      "has_the_recipe": "2024-07-29 16:54:47 +0000"
    },
    "done": true
  },
  "mcwfences:recipes/prismarine": {
    "criteria": {
      "has_qq": "2024-07-29 16:54:47 +0000"
    },
    "done": true
  },
  "mcwfences:recipes/quartz": {
    "criteria": {
      "has_qq": "2024-07-29 16:54:47 +0000"
    },
    "done": true
  },
  "mcwfences:recipes/mangrove": {
    "criteria": {
      "has_mangrove": "2024-07-29 16:54:47 +0000"
    },
    "done": true
  },
  "advancednetherite:recipes/building_blocks/netherite_diamond_block": {
    "criteria": {
      "has_the_recipe": "2024-07-29 16:54:47 +0000"
    },
    "done": true
  },
  "mcwfences:recipes/nether": {
    "criteria": {
      "has_nether_brick": "2024-07-29 16:54:47 +0000"
    },
    "done": true
  },
  "mcwfences:recipes/bamboo": {
    "criteria": {
      "has_bamboo": "2024-07-29 16:54:47 +0000"
    },
    "done": true
  },
  "advancednetherite:recipes/building_blocks/netherite_gold_block": {
    "criteria": {
      "has_the_recipe": "2024-07-29 16:54:47 +0000"
    },
    "done": true
  },
  "mcwfences:recipes/spruce": {
    "criteria": {
      "has_spruce": "2024-07-29 16:54:47 +0000"
    },
    "done": true
  },
  "advancednetherite:recipes/misc/netherite_gold_ingot": {
    "criteria": {
      "has_the_recipe": "2024-07-29 16:54:47 +0000"
    },
    "done": true
  },
  "advancednetherite:recipes/misc/netherite_gold_ingot_from_block": {
    "criteria": {
      "has_the_recipe": "2024-07-29 16:54:47 +0000"
    },
    "done": true
  },
  "mcwfences:recipes/end": {
    "criteria": {
      "has_end_brick": "2024-07-29 16:54:47 +0000"
    },
    "done": true
  },
  "advancednetherite:recipes/misc/netherite_iron_ingot_from_block": {
    "criteria": {
      "has_the_recipe": "2024-07-29 16:54:47 +0000"
    },
    "done": true
  },
  "supplementaries:recipes/flower_box": {
    "criteria": {
      "has_dirt": "2024-07-29 16:54:47 +0000"
    },
    "done": true
  },
  "mcwfences:recipes/mud_brick": {
    "criteria": {
      "has_qq": "2024-07-29 16:54:47 +0000"
    },
    "done": true
  },
  "mcwfences:recipes/blackstone": {
    "criteria": {
      "has_blackstone": "2024-07-29 16:54:47 +0000"
    },
    "done": true
  },
  "advancednetherite:recipes/misc/netherite_emerald_ingot": {
    "criteria": {
      "has_the_recipe": "2024-07-29 16:54:47 +0000"
    },
    "done": true
  },
  "mcwfences:recipes/deepslate": {
    "criteria": {
      "has_deepslate": "2024-07-29 16:54:47 +0000"
    },
    "done": true
  },
  "advancednetherite:recipes/misc/netherite_iron_ingot": {
    "criteria": {
      "has_the_recipe": "2024-07-29 16:54:47 +0000"
    },
    "done": true
  },
  "minecraft:end/elytra": {
    "criteria": {
      "elytra": "2024-07-29 16:55:32 +0000"
    },
    "done": true
  },
  "terrestria:recipes/transportation/japanese_maple_boat": {
    "criteria": {
      "in_water": "2024-07-29 16:55:40 +0000"
    },
    "done": true
  },
  "minecraft:recipes/transportation/cherry_boat": {
    "criteria": {
      "in_water": "2024-07-29 16:55:40 +0000"
    },
    "done": true
  },
  "terrestria:recipes/transportation/yucca_palm_boat": {
    "criteria": {
      "in_water": "2024-07-29 16:55:40 +0000"
    },
    "done": true
  },
  "traverse:recipes/transportation/fir_boat": {
    "criteria": {
      "in_water": "2024-07-29 16:55:40 +0000"
    },
    "done": true
  },
  "terrestria:recipes/transportation/sakura_boat": {
    "criteria": {
      "in_water": "2024-07-29 16:55:40 +0000"
    },
    "done": true
  },
  "terrestria:recipes/transportation/willow_boat": {
    "criteria": {
      "in_water": "2024-07-29 16:55:40 +0000"
    },
    "done": true
  },
  "minecraft:recipes/transportation/acacia_boat": {
    "criteria": {
      "in_water": "2024-07-29 16:55:40 +0000"
    },
    "done": true
  },
  "minecraft:recipes/transportation/jungle_boat": {
    "criteria": {
      "in_water": "2024-07-29 16:55:40 +0000"
    },
    "done": true
  },
  "minecraft:recipes/transportation/spruce_boat": {
    "criteria": {
      "in_water": "2024-07-29 16:55:40 +0000"
    },
    "done": true
  },
  "terrestria:recipes/transportation/rubber_boat": {
    "criteria": {
      "in_water": "2024-07-29 16:55:40 +0000"
    },
    "done": true
  },
  "minecraft:recipes/transportation/mangrove_boat": {
    "criteria": {
      "in_water": "2024-07-29 16:55:40 +0000"
    },
    "done": true
  },
  "minecraft:recipes/transportation/dark_oak_boat": {
    "criteria": {
      "in_water": "2024-07-29 16:55:40 +0000"
    },
    "done": true
  },
  "terrestria:recipes/transportation/rainbow_eucalyptus_boat": {
    "criteria": {
      "in_water": "2024-07-29 16:55:40 +0000"
    },
    "done": true
  },
  "blockus:recipes/building_blocks/raw_bamboo_raft": {
    "criteria": {
      "in_water": "2024-07-29 16:55:40 +0000"
    },
    "done": true
  },
  "minecraft:recipes/transportation/bamboo_raft": {
    "criteria": {
      "in_water": "2024-07-29 16:55:40 +0000"
    },
    "done": true
  },
  "terrestria:recipes/transportation/redwood_boat": {
    "criteria": {
      "in_water": "2024-07-29 16:55:40 +0000"
    },
    "done": true
  },
  "blockus:recipes/building_blocks/charred_boat": {
    "criteria": {
      "in_water": "2024-07-29 16:55:40 +0000"
    },
    "done": true
  },
  "blockus:recipes/building_blocks/white_oak_boat": {
    "criteria": {
      "in_water": "2024-07-29 16:55:40 +0000"
    },
    "done": true
  },
  "terrestria:recipes/transportation/cypress_boat": {
    "criteria": {
      "in_water": "2024-07-29 16:55:40 +0000"
    },
    "done": true
  },
  "minecraft:recipes/transportation/birch_boat": {
    "criteria": {
      "in_water": "2024-07-29 16:55:40 +0000"
    },
    "done": true
  },
  "minecraft:recipes/transportation/oak_boat": {
    "criteria": {
      "in_water": "2024-07-29 16:55:40 +0000"
    },
    "done": true
  },
  "terrestria:recipes/transportation/hemlock_boat": {
    "criteria": {
      "in_water": "2024-07-29 16:55:40 +0000"
    },
    "done": true
  },
  "fishofthieves:root": {
    "criteria": {
      "in_water": "2024-07-29 16:55:41 +0000"
    },
    "done": true
  },
  "terrestria:recipes/building_blocks/hemlock_planks": {
    "criteria": {
      "has_logs": "2024-07-29 22:50:24 +0000"
    },
    "done": true
  },
  "naturescompass:natures_compass_sapling": {
    "criteria": {
      "has_recipe": "2024-07-29 22:50:24 +0000"
    },
    "done": true
  },
  "blockus:recipes/misc/charcoal": {
    "criteria": {
      "has_the_recipe": "2024-07-29 22:50:24 +0000"
    },
    "done": true
  },
  "terrestria:recipes/building_blocks/hemlock_wood": {
    "criteria": {
      "has_logs": "2024-07-29 22:50:38 +0000"
    },
    "done": true
  },
  "minecraft:recipes/misc/charcoal": {
    "criteria": {
      "has_log": "2024-07-29 22:50:24 +0000"
    },
    "done": true
  },
  "naturescompass:natures_compass_log": {
    "criteria": {
      "has_log": "2024-07-29 22:50:24 +0000"
    },
    "done": true
  },
  "wythers:world_explorer": {
    "criteria": {
      "wythers:larch_taiga": "2024-07-29 22:49:31 +0000"
    },
    "done": false
  },
  "DataVersion": 3465
}