{
  "minecraft:recipes/decorations/chest": {
    "criteria": {
      "has_lots_of_items": "2024-08-08 08:22:49 +0000"
    },
    "done": true
  },
  "minecraft:adventure/adventuring_time": {
    "criteria": {
      "minecraft:forest": "2024-08-08 08:20:31 +0000",
      "minecraft:mountains": "2024-08-08 08:20:54 +0000",
      "minecraft:desert": "2024-08-08 08:20:56 +0000",
      "minecraft:badlands": "2024-08-08 08:20:57 +0000",
      "minecraft:river": "2024-08-08 08:20:50 +0000",
      "minecraft:wooded_hills": "2024-08-08 08:20:39 +0000",
      "minecraft:wooded_badlands_plateau": "2024-08-08 08:20:59 +0000"
    },
    "done": false
  },
  "DataVersion": 2586
}