{
  "minecraft:recipes/tools/flint_and_steel": {
    "criteria": {
      "has_obsidian": "2024-08-03 13:49:34 +0000"
    },
    "done": true
  },
  "minecraft:husbandry/root": {
    "criteria": {
      "consumed_item": "2024-08-03 13:51:18 +0000"
    },
    "done": true
  },
  "minecraft:nether/root": {
    "criteria": {
      "entered_nether": "2024-08-03 13:49:56 +0000"
    },
    "done": true
  },
  "minecraft:story/form_obsidian": {
    "criteria": {
      "obsidian": "2024-08-03 13:49:34 +0000"
    },
    "done": true
  },
  "minecraft:story/enter_the_nether": {
    "criteria": {
      "entered_nether": "2024-08-03 13:49:56 +0000"
    },
    "done": true
  },
  "minecraft:recipes/decorations/enchanting_table": {
    "criteria": {
      "has_obsidian": "2024-08-03 13:49:34 +0000"
    },
    "done": true
  },
  "minecraft:nether/explore_nether": {
    "criteria": {
      "minecraft:crimson_forest": "2024-08-03 13:49:56 +0000",
      "minecraft:warped_forest": "2024-08-03 13:50:00 +0000"
    },
    "done": false
  },
  "minecraft:adventure/adventuring_time": {
    "criteria": {
      "minecraft:forest": "2024-08-03 13:48:24 +0000",
      "minecraft:badlands_plateau": "2024-08-03 13:50:38 +0000",
      "minecraft:desert": "2024-08-03 13:48:37 +0000",
      "minecraft:badlands": "2024-08-03 13:48:38 +0000",
      "minecraft:beach": "2024-08-03 13:49:12 +0000",
      "minecraft:river": "2024-08-03 13:48:50 +0000",
      "minecraft:wooded_hills": "2024-08-03 13:48:14 +0000",
      "minecraft:wooded_badlands_plateau": "2024-08-03 13:48:44 +0000"
    },
    "done": false
  },
  "DataVersion": 2586
}