{
  "minecraft:nether/root": {
    "criteria": {
      "entered_nether": "2024-08-03 13:49:57 +0000"
    },
    "done": true
  },
  "minecraft:story/enter_the_nether": {
    "criteria": {
      "entered_nether": "2024-08-03 13:49:57 +0000"
    },
    "done": true
  },
  "minecraft:nether/explore_nether": {
    "criteria": {
      "minecraft:crimson_forest": "2024-08-03 13:49:57 +0000",
      "minecraft:warped_forest": "2024-08-03 13:50:01 +0000"
    },
    "done": false
  },
  "minecraft:adventure/adventuring_time": {
    "criteria": {
      "minecraft:forest": "2024-08-03 13:48:05 +0000",
      "minecraft:badlands_plateau": "2024-08-03 13:49:27 +0000",
      "minecraft:desert": "2024-08-03 13:48:39 +0000",
      "minecraft:badlands": "2024-08-03 13:48:40 +0000",
      "minecraft:beach": "2024-08-03 13:51:02 +0000",
      "minecraft:river": "2024-08-03 13:50:38 +0000",
      "minecraft:wooded_hills": "2024-08-03 13:47:57 +0000",
      "minecraft:wooded_badlands_plateau": "2024-08-03 13:48:41 +0000"
    },
    "done": false
  },
  "DataVersion": 2586
}